-- MySQL dump 10.13  Distrib 8.0.43, for Win64 (x86_64)
--
-- Host: localhost    Database: sklep
-- ------------------------------------------------------
-- Server version	8.0.45-0ubuntu0.24.04.1

/*!40101 SET @OLD_CHARACTER_SET_CLIENT=@@CHARACTER_SET_CLIENT */;
/*!40101 SET @OLD_CHARACTER_SET_RESULTS=@@CHARACTER_SET_RESULTS */;
/*!40101 SET @OLD_COLLATION_CONNECTION=@@COLLATION_CONNECTION */;
/*!50503 SET NAMES utf8 */;
/*!40103 SET @OLD_TIME_ZONE=@@TIME_ZONE */;
/*!40103 SET TIME_ZONE='+00:00' */;
/*!40014 SET @OLD_UNIQUE_CHECKS=@@UNIQUE_CHECKS, UNIQUE_CHECKS=0 */;
/*!40014 SET @OLD_FOREIGN_KEY_CHECKS=@@FOREIGN_KEY_CHECKS, FOREIGN_KEY_CHECKS=0 */;
/*!40101 SET @OLD_SQL_MODE=@@SQL_MODE, SQL_MODE='NO_AUTO_VALUE_ON_ZERO' */;
/*!40111 SET @OLD_SQL_NOTES=@@SQL_NOTES, SQL_NOTES=0 */;

--
-- Table structure for table `adres`
--

DROP TABLE IF EXISTS `adres`;
/*!40101 SET @saved_cs_client     = @@character_set_client */;
/*!50503 SET character_set_client = utf8mb4 */;
CREATE TABLE `adres` (
  `adres_id` int NOT NULL AUTO_INCREMENT,
  `wojewodztwo` varchar(45) NOT NULL,
  `adres_ulicy` varchar(45) NOT NULL,
  `kod_pocztowy` varchar(45) NOT NULL,
  `numer_mieszkania` varchar(45) NOT NULL,
  `miejscowosc_id` int NOT NULL,
  PRIMARY KEY (`adres_id`),
  KEY `fk_adres_miejscowosc1_idx` (`miejscowosc_id`),
  CONSTRAINT `fk_adres_miejscowosc1` FOREIGN KEY (`miejscowosc_id`) REFERENCES `miejscowosc` (`miejscowosc_id`)
) ENGINE=InnoDB AUTO_INCREMENT=121 DEFAULT CHARSET=utf8mb4 COLLATE=utf8mb4_0900_ai_ci;
/*!40101 SET character_set_client = @saved_cs_client */;

--
-- Dumping data for table `adres`
--

LOCK TABLES `adres` WRITE;
/*!40000 ALTER TABLE `adres` DISABLE KEYS */;
INSERT INTO `adres` VALUES (1,'podkarpackie','Wyzwolenia','20-803','4',29),(2,'pomorskie','Księżycowa','21-732','26',27),(3,'łódzkie','Szczęśliwa','81-437','122',29),(4,'dolnośląskie','Wesoła','66-697','200',9),(5,'pomorskie','Księżycowa','82-302','172',23),(6,'pomorskie','Spokojna','64-488','183',17),(7,'mazowieckie','Spacerowa','26-616','121',31),(8,'łódzkie','Jeziorna','24-876','98',15),(9,'mazowieckie','Solidarnosci','51-879','6',18),(10,'lubelskie','Malczewskiego','81-482','91',16),(11,'podkarpackie','Piwna','96-716','28',40),(12,'śląskie','Młynarska','61-743','50',15),(13,'dolnośląskie','Spokojna','12-789','129',20),(14,'mazowieckie','Jabłoniowa','73-846','56',3),(15,'mazowieckie','Rumiankowa','21-975','38',3),(16,'pomorskie','Narutowicza','70-849','128',31),(17,'pomorskie','Jagodowa','51-299','64',3),(18,'wielkopolskie','Towarowa','56-210','188',26),(19,'małopolskie','Skośna','86-656','164',20),(20,'wielkopolskie','Towarowa','65-520','111',19),(21,'podkarpackie','Dworcowa','61-525','98',3),(22,'mazowieckie','Stefana Batorego','94-879','138',6),(23,'lubelskie','Żurawia','09-836','40',19),(24,'zachodniopomorskie','Polna','23-764','22',6),(25,'wielkopolskie','Kościuszki','22-886','74',27),(26,'wielkopolskie','Bukowa','12-577','184',6),(27,'podkarpackie','Jadwigi','48-428','60',8),(28,'lubelskie','Tylna','96-674','88',26),(29,'śląskie','Grzybowa','67-281','158',11),(30,'dolnośląskie','Wojska Polskiego','76-595','72',1),(31,'pomorskie','Podwale','87-201','107',10),(32,'lubelskie','Wiklinowa','34-740','157',34),(33,'wielkopolskie','Leśna','10-210','81',34),(34,'zachodniopomorskie','Długosza','69-184','98',12),(35,'małopolskie','Łąkowa','58-686','174',21),(36,'lubelskie','Jana','27-449','58',40),(37,'małopolskie','Czarnieckiego','32-196','149',24),(38,'śląskie','Chopina','93-007','148',15),(39,'lubelskie','Ceglana','97-670','153',35),(40,'podkarpackie','Baczynskiego','63-609','179',17),(41,'łódzkie','Chełmońskiego','61-978','42',14),(42,'wielkopolskie','Zaciszna','11-020','26',13),(43,'łódzkie','Słowicza','32-102','103',39),(44,'wielkopolskie','Bolesława Chrobrego','69-175','15',40),(45,'łódzkie','Kosynierów','65-783','187',38),(46,'śląskie','Wilcza','66-565','95',18),(47,'pomorskie','Waryńskiego','20-583','162',28),(48,'dolnośląskie','Źródlana','90-908','15',1),(49,'małopolskie','Nowa','51-314','163',12),(50,'małopolskie','Dobra','76-842','50',15),(51,'wielkopolskie','Konstytucji 3 Maja','94-114','196',38),(52,'łódzkie','Parkowa','94-665','40',24),(53,'pomorskie','Cyprysowa','89-766','98',13),(54,'lubelskie','Kruczkowskiego','13-930','194',40),(55,'podkarpackie','Tuwima','11-380','178',5),(56,'małopolskie','Jałowcowa','95-253','13',5),(57,'lubelskie','Ciasna','39-032','42',14),(58,'zachodniopomorskie','Bolesława Chrobrego','29-353','187',38),(59,'łódzkie','Stycznia','84-557','54',3),(60,'łódzkie','Jeziorna','88-345','138',7),(61,'łódzkie','Warszawska','63-156','32',12),(62,'pomorskie','Szczęśliwa','32-429','81',34),(63,'dolnośląskie','Księżycowa','77-824','16',39),(64,'łódzkie','Spółdzielcza','28-564','119',24),(65,'wielkopolskie','Mazowiecka','23-766','162',22),(66,'łódzkie','Turkusowa','72-468','135',29),(67,'dolnośląskie','Konwaliowa','01-248','70',4),(68,'zachodniopomorskie','Źródlana','30-010','55',40),(69,'śląskie','Pogodna','94-840','27',23),(70,'podkarpackie','Stolarska','20-264','71',24),(71,'wielkopolskie','Toruńska','92-029','103',38),(72,'śląskie','Sawickiej','87-423','82',19),(73,'łódzkie','Piaskowa','05-094','120',6),(74,'lubelskie','Dworcowa','06-982','154',14),(75,'dolnośląskie','Wróblewskiego','80-111','170',18),(76,'łódzkie','Floriana','60-996','54',36),(77,'łódzkie','Pałacowa','46-839','68',5),(78,'małopolskie','Kaliska','29-938','12',20),(79,'mazowieckie','Letnia','82-708','160',33),(80,'dolnośląskie','Dolna','13-972','143',32),(81,'wielkopolskie','Cedrowa','64-205','44',34),(82,'lubelskie','Letniskowa','45-780','192',25),(83,'łódzkie','Turystyczna','83-524','11',20),(84,'wielkopolskie','Wspólna','01-133','74',9),(85,'podkarpackie','Rycerska','75-063','181',17),(86,'podkarpackie','Srebrna','78-083','197',31),(87,'zachodniopomorskie','Niepodległości','65-387','70',21),(88,'dolnośląskie','Orzeszkowej','12-053','138',16),(89,'dolnośląskie','Torowa','72-125','116',6),(90,'pomorskie','Kosynierów','65-024','71',19),(91,'dolnośląskie','Sawickiej','02-386','83',11),(92,'dolnośląskie','Mazowiecka','39-311','19',21),(93,'dolnośląskie','Kazimierza Wielkiego','82-517','69',30),(94,'dolnośląskie','Fredry','62-427','81',18),(95,'lubelskie','Chmielna','92-898','95',5),(96,'małopolskie','Wiązowa','60-475','144',17),(97,'dolnośląskie','Szpitalna','34-185','5',21),(98,'lubelskie','Hutnicza','82-932','107',35),(99,'wielkopolskie','Piaskowa','75-334','86',40),(100,'lubelskie','Niecała','53-757','61',34),(101,'mazowieckie','Żabia','68-445','78',16),(102,'dolnośląskie','Rumiankowa','29-222','66',13),(103,'lubelskie','Fabryczna','35-975','175',23),(104,'małopolskie','Skłodowskiej-Curie','84-037','129',39),(105,'małopolskie','Brzechwy','13-847','7',7),(106,'dolnośląskie','Częstochowska','55-661','41',16),(107,'małopolskie','Cedrowa','24-585','178',35),(108,'śląskie','Cedrowa','35-274','136',3),(109,'lubelskie','Widokowa','65-252','123',12),(110,'dolnośląskie','Bałtycka','50-890','135',31),(111,'śląskie','Pałacowa','38-455','9',2),(112,'pomorskie','Długosza','89-481','60',17),(113,'lubelskie','Jeziorna','34-013','186',38),(114,'zachodniopomorskie','Kraszewskiego','07-661','119',39),(115,'zachodniopomorskie','Rycerska','17-487','194',23),(116,'dolnośląskie','Glówna','06-255','20',10),(117,'śląskie','Prusa','51-296','46',40),(118,'zachodniopomorskie','Górnicza','62-246','40',11),(119,'pomorskie','Kielecka','87-274','151',18),(120,'podkarpackie','Graniczna','15-162','142',32);
/*!40000 ALTER TABLE `adres` ENABLE KEYS */;
UNLOCK TABLES;

--
-- Table structure for table `dostawca_produktow`
--

DROP TABLE IF EXISTS `dostawca_produktow`;
/*!40101 SET @saved_cs_client     = @@character_set_client */;
/*!50503 SET character_set_client = utf8mb4 */;
CREATE TABLE `dostawca_produktow` (
  `dostawca_produktow_id` int NOT NULL AUTO_INCREMENT,
  `nazwa_firmy` enum('LPP Logistics','Textil-Pol','ModaSupply','FashionHub','CottonPro','EU Garments') NOT NULL,
  `produkt_id` int NOT NULL,
  PRIMARY KEY (`dostawca_produktow_id`),
  KEY `fk_dostawcy_produktow_produkt1_idx` (`produkt_id`),
  CONSTRAINT `fk_dostawcy_produktow_produkt1` FOREIGN KEY (`produkt_id`) REFERENCES `produkt` (`produkt_id`)
) ENGINE=InnoDB AUTO_INCREMENT=51 DEFAULT CHARSET=utf8mb4 COLLATE=utf8mb4_0900_ai_ci;
/*!40101 SET character_set_client = @saved_cs_client */;

--
-- Dumping data for table `dostawca_produktow`
--

LOCK TABLES `dostawca_produktow` WRITE;
/*!40000 ALTER TABLE `dostawca_produktow` DISABLE KEYS */;
INSERT INTO `dostawca_produktow` VALUES (1,'Textil-Pol',1),(2,'FashionHub',1),(3,'FashionHub',2),(4,'ModaSupply',2),(5,'EU Garments',3),(6,'LPP Logistics',4),(7,'LPP Logistics',4),(8,'ModaSupply',5),(9,'ModaSupply',5),(10,'LPP Logistics',6),(11,'FashionHub',7),(12,'ModaSupply',7),(13,'ModaSupply',8),(14,'FashionHub',8),(15,'Textil-Pol',9),(16,'Textil-Pol',9),(17,'LPP Logistics',10),(18,'LPP Logistics',11),(19,'CottonPro',11),(20,'Textil-Pol',12),(21,'CottonPro',13),(22,'LPP Logistics',13),(23,'Textil-Pol',14),(24,'ModaSupply',14),(25,'EU Garments',15),(26,'CottonPro',15),(27,'ModaSupply',16),(28,'LPP Logistics',16),(29,'Textil-Pol',17),(30,'LPP Logistics',17),(31,'FashionHub',18),(32,'Textil-Pol',19),(33,'ModaSupply',19),(34,'ModaSupply',20),(35,'EU Garments',20),(36,'Textil-Pol',21),(37,'LPP Logistics',21),(38,'FashionHub',22),(39,'ModaSupply',23),(40,'Textil-Pol',23),(41,'LPP Logistics',24),(42,'LPP Logistics',24),(43,'FashionHub',25),(44,'LPP Logistics',25),(45,'FashionHub',26),(46,'FashionHub',27),(47,'Textil-Pol',28),(48,'FashionHub',28),(49,'Textil-Pol',29),(50,'EU Garments',30);
/*!40000 ALTER TABLE `dostawca_produktow` ENABLE KEYS */;
UNLOCK TABLES;

--
-- Table structure for table `egzemplarz`
--

DROP TABLE IF EXISTS `egzemplarz`;
/*!40101 SET @saved_cs_client     = @@character_set_client */;
/*!50503 SET character_set_client = utf8mb4 */;
CREATE TABLE `egzemplarz` (
  `egzemplarz_id` int NOT NULL AUTO_INCREMENT,
  `status` enum('na_stanie','wydany','zwrocony','uszkodzony') NOT NULL,
  `data_przyjecia` datetime NOT NULL DEFAULT CURRENT_TIMESTAMP,
  `wariant_id` int NOT NULL,
  `magazyn_id` int NOT NULL,
  PRIMARY KEY (`egzemplarz_id`),
  KEY `fk_egzemplarz_magazyn1_idx` (`magazyn_id`),
  KEY `fk_egzemplarz_wariant1_idx` (`wariant_id`),
  CONSTRAINT `fk_egzemplarz_magazyn1` FOREIGN KEY (`magazyn_id`) REFERENCES `magazyn` (`magazyn_id`),
  CONSTRAINT `fk_egzemplarz_wariant1` FOREIGN KEY (`wariant_id`) REFERENCES `wariant` (`wariant_id`)
) ENGINE=InnoDB AUTO_INCREMENT=770 DEFAULT CHARSET=utf8mb4 COLLATE=utf8mb4_0900_ai_ci;
/*!40101 SET character_set_client = @saved_cs_client */;

--
-- Dumping data for table `egzemplarz`
--

LOCK TABLES `egzemplarz` WRITE;
/*!40000 ALTER TABLE `egzemplarz` DISABLE KEYS */;
INSERT INTO `egzemplarz` VALUES (1,'wydany','2026-01-04 05:57:25',1,1),(2,'wydany','2026-01-03 21:50:05',1,1),(3,'wydany','2026-01-06 15:15:19',1,1),(4,'wydany','2026-01-09 17:00:00',1,1),(5,'zwrocony','2026-01-03 06:52:58',1,1),(6,'wydany','2026-01-12 00:07:18',1,1),(7,'wydany','2026-01-03 23:59:03',1,1),(8,'na_stanie','2026-01-04 05:00:54',2,1),(9,'zwrocony','2026-01-07 18:43:21',2,1),(10,'zwrocony','2026-01-11 11:18:46',2,1),(11,'na_stanie','2026-01-03 07:36:41',2,1),(12,'zwrocony','2026-01-10 09:02:19',2,1),(13,'zwrocony','2026-01-12 10:36:29',2,1),(14,'na_stanie','2026-01-01 04:30:27',3,1),(15,'wydany','2026-01-12 07:20:47',3,1),(16,'wydany','2026-01-11 03:33:48',3,1),(17,'wydany','2026-01-06 07:42:11',3,1),(18,'wydany','2026-01-12 02:38:02',3,1),(19,'wydany','2026-01-01 15:19:12',3,1),(20,'na_stanie','2026-01-01 11:08:15',3,1),(21,'wydany','2026-01-03 09:06:20',3,1),(22,'wydany','2026-01-11 20:03:34',3,1),(23,'wydany','2026-01-12 07:10:05',3,1),(24,'wydany','2026-01-05 18:08:12',3,1),(25,'na_stanie','2026-01-01 02:16:40',3,1),(26,'zwrocony','2026-01-03 06:20:02',4,1),(27,'wydany','2026-01-04 20:39:30',4,1),(28,'wydany','2026-01-02 21:16:13',4,1),(29,'wydany','2026-01-04 06:54:01',4,1),(30,'wydany','2026-01-08 05:25:14',4,1),(31,'wydany','2026-01-08 18:49:41',5,1),(32,'wydany','2026-01-10 04:43:19',5,1),(33,'zwrocony','2026-01-06 20:56:05',5,1),(34,'zwrocony','2026-01-13 06:53:09',5,1),(35,'zwrocony','2026-01-12 00:09:25',5,1),(36,'wydany','2026-01-03 07:36:55',5,1),(37,'wydany','2026-01-04 20:51:26',5,1),(38,'zwrocony','2026-01-06 19:09:26',5,1),(39,'wydany','2026-01-02 06:59:30',5,1),(40,'wydany','2026-01-04 19:33:21',5,1),(41,'na_stanie','2026-01-02 04:42:22',5,1),(42,'na_stanie','2026-01-04 11:01:22',6,1),(43,'na_stanie','2026-01-08 20:03:55',6,1),(44,'na_stanie','2026-01-05 05:39:40',6,1),(45,'na_stanie','2026-01-12 07:46:12',6,1),(46,'na_stanie','2026-01-12 09:41:38',6,1),(47,'na_stanie','2026-01-09 11:33:38',6,1),(48,'na_stanie','2026-01-01 10:26:35',6,1),(49,'na_stanie','2026-01-07 05:35:35',6,1),(50,'na_stanie','2026-01-13 01:31:35',6,1),(51,'wydany','2026-01-05 01:03:18',7,1),(52,'wydany','2026-01-08 04:16:56',7,1),(53,'wydany','2026-01-01 12:49:57',7,1),(54,'wydany','2026-01-11 19:56:40',8,1),(55,'na_stanie','2026-01-01 04:43:11',8,1),(56,'wydany','2026-01-12 21:53:45',8,1),(57,'na_stanie','2026-01-05 12:31:51',8,1),(58,'na_stanie','2026-01-06 21:29:24',8,1),(59,'na_stanie','2026-01-05 10:13:37',8,1),(60,'wydany','2026-01-13 06:18:18',8,1),(61,'wydany','2026-01-07 19:45:00',8,1),(62,'wydany','2026-01-11 12:58:01',8,1),(63,'wydany','2026-01-02 06:17:55',9,1),(64,'zwrocony','2026-01-10 01:13:34',9,1),(65,'zwrocony','2026-01-08 21:17:31',9,1),(66,'wydany','2026-01-09 01:42:42',9,1),(67,'wydany','2026-01-08 01:29:32',9,1),(68,'na_stanie','2026-01-01 11:06:05',9,1),(69,'na_stanie','2026-01-01 13:42:55',9,1),(70,'zwrocony','2026-01-09 14:06:36',9,1),(71,'wydany','2026-01-08 05:12:58',9,1),(72,'wydany','2026-01-10 20:07:18',9,1),(73,'wydany','2026-01-04 05:27:23',9,1),(74,'wydany','2026-01-01 09:04:37',10,1),(75,'wydany','2026-01-11 08:17:28',10,1),(76,'wydany','2026-01-03 10:00:32',10,1),(77,'wydany','2026-01-02 01:21:44',10,1),(78,'wydany','2026-01-12 20:27:06',10,1),(79,'wydany','2026-01-01 04:59:37',10,1),(80,'wydany','2026-01-07 13:19:14',11,1),(81,'zwrocony','2026-01-05 19:24:34',11,1),(82,'wydany','2026-01-08 15:59:30',11,1),(83,'wydany','2026-01-10 18:14:51',11,1),(84,'na_stanie','2026-01-01 08:33:03',11,1),(85,'wydany','2026-01-03 00:36:15',11,1),(86,'wydany','2026-01-05 16:02:20',11,1),(87,'zwrocony','2026-01-06 00:36:13',11,1),(88,'wydany','2026-01-05 18:14:10',11,1),(89,'na_stanie','2026-01-01 04:55:07',11,1),(90,'wydany','2026-01-03 08:50:42',11,1),(91,'na_stanie','2026-01-02 18:55:54',11,1),(92,'wydany','2026-01-10 06:46:05',12,1),(93,'zwrocony','2026-01-07 13:33:14',12,1),(94,'wydany','2026-01-12 18:56:53',12,1),(95,'wydany','2026-01-03 22:18:51',12,1),(96,'wydany','2026-01-02 09:09:16',12,1),(97,'wydany','2026-01-12 16:55:59',12,1),(98,'zwrocony','2026-01-05 15:57:39',12,1),(99,'wydany','2026-01-04 02:08:44',13,1),(100,'wydany','2026-01-01 03:54:47',13,1),(101,'wydany','2026-01-09 09:18:35',13,1),(102,'zwrocony','2026-01-09 10:19:57',14,1),(103,'wydany','2026-01-08 07:02:32',14,1),(104,'wydany','2026-01-09 16:30:01',14,1),(105,'wydany','2026-01-07 21:19:14',14,1),(106,'wydany','2026-01-07 03:49:39',14,1),(107,'wydany','2026-01-12 23:00:23',14,1),(108,'wydany','2026-01-05 01:31:40',15,1),(109,'wydany','2026-01-09 18:22:28',15,1),(110,'wydany','2026-01-02 17:25:26',15,1),(111,'na_stanie','2026-01-02 15:02:46',15,1),(112,'na_stanie','2026-01-02 15:04:25',15,1),(113,'wydany','2026-01-04 12:50:27',15,1),(114,'wydany','2026-01-10 09:18:52',15,1),(115,'wydany','2026-01-06 04:10:28',15,1),(116,'wydany','2026-01-07 09:57:48',15,1),(117,'wydany','2026-01-08 13:22:09',15,1),(118,'wydany','2026-01-06 11:05:36',15,1),(119,'zwrocony','2026-01-06 04:01:00',16,1),(120,'wydany','2026-01-03 16:42:30',16,1),(121,'wydany','2026-01-12 18:59:11',16,1),(122,'wydany','2026-01-07 03:51:11',16,1),(123,'zwrocony','2026-01-04 05:54:24',16,1),(124,'zwrocony','2026-01-06 18:12:30',16,1),(125,'wydany','2026-01-07 17:05:22',17,1),(126,'wydany','2026-01-07 11:12:25',17,1),(127,'wydany','2026-01-03 18:25:21',17,1),(128,'wydany','2026-01-06 00:19:13',17,1),(129,'zwrocony','2026-01-02 20:02:15',17,1),(130,'zwrocony','2026-01-06 06:15:38',17,1),(131,'wydany','2026-01-07 16:29:25',17,1),(132,'wydany','2026-01-02 10:34:43',17,1),(133,'wydany','2026-01-02 12:20:15',17,1),(134,'zwrocony','2026-01-02 18:54:15',18,1),(135,'zwrocony','2026-01-12 18:15:02',18,1),(136,'zwrocony','2026-01-04 05:03:37',18,1),(137,'wydany','2026-01-08 01:53:26',18,1),(138,'wydany','2026-01-05 02:16:19',18,1),(139,'zwrocony','2026-01-12 02:35:47',18,1),(140,'na_stanie','2026-01-01 14:30:01',19,1),(141,'na_stanie','2026-01-03 21:29:26',19,1),(142,'wydany','2026-01-07 12:54:34',19,1),(143,'na_stanie','2026-01-02 09:15:19',19,1),(144,'na_stanie','2026-01-02 13:31:18',19,1),(145,'wydany','2026-01-10 17:33:55',19,1),(146,'wydany','2026-01-08 21:33:24',19,1),(147,'na_stanie','2026-01-02 13:22:22',19,1),(148,'na_stanie','2026-01-06 08:21:10',19,1),(149,'na_stanie','2026-01-05 15:32:54',19,1),(150,'wydany','2026-01-09 21:31:50',19,1),(151,'wydany','2026-01-08 08:26:25',19,1),(152,'na_stanie','2026-01-03 06:32:42',20,1),(153,'wydany','2026-01-03 16:43:28',20,1),(154,'wydany','2026-01-11 04:15:51',20,1),(155,'wydany','2026-01-06 18:45:39',20,1),(156,'wydany','2026-01-07 02:12:26',20,1),(157,'wydany','2026-01-06 04:41:19',20,1),(158,'wydany','2026-01-03 16:28:24',20,1),(159,'wydany','2026-01-10 19:40:50',20,1),(160,'wydany','2026-01-04 10:17:50',20,1),(161,'wydany','2026-01-12 04:49:15',20,1),(162,'wydany','2026-01-05 22:28:18',20,1),(163,'wydany','2026-01-06 15:13:55',20,1),(164,'wydany','2026-01-12 01:07:28',21,1),(165,'wydany','2026-01-09 17:17:14',21,1),(166,'wydany','2026-01-12 23:32:36',21,1),(167,'wydany','2026-01-04 03:10:13',22,1),(168,'wydany','2026-01-08 07:04:21',22,1),(169,'wydany','2026-01-08 17:21:25',22,1),(170,'wydany','2026-01-05 00:55:28',22,1),(171,'wydany','2026-01-12 03:35:42',22,1),(172,'wydany','2026-01-09 03:49:28',22,1),(173,'wydany','2026-01-04 10:48:52',23,1),(174,'wydany','2026-01-03 12:53:03',23,1),(175,'wydany','2026-01-08 00:11:18',23,1),(176,'wydany','2026-01-09 22:46:25',24,1),(177,'wydany','2026-01-11 17:03:18',24,1),(178,'na_stanie','2026-01-03 17:37:21',24,1),(179,'wydany','2026-01-06 17:55:26',24,1),(180,'wydany','2026-01-11 23:57:53',24,1),(181,'wydany','2026-01-08 20:08:53',24,1),(182,'wydany','2026-01-07 03:59:04',24,1),(183,'wydany','2026-01-09 07:15:20',25,1),(184,'zwrocony','2026-01-04 18:41:38',25,1),(185,'wydany','2026-01-04 09:57:14',25,1),(186,'zwrocony','2026-01-03 17:17:53',25,1),(187,'zwrocony','2026-01-09 09:54:12',25,1),(188,'wydany','2026-01-07 16:52:15',25,1),(189,'wydany','2026-01-08 16:07:17',25,1),(190,'wydany','2026-01-08 00:17:01',25,1),(191,'wydany','2026-01-12 12:05:20',25,1),(192,'zwrocony','2026-01-08 23:47:02',25,1),(193,'wydany','2026-01-12 16:45:30',25,1),(194,'wydany','2026-01-05 19:06:31',26,1),(195,'wydany','2026-01-11 00:08:03',26,1),(196,'wydany','2026-01-08 02:19:09',26,1),(197,'wydany','2026-01-02 13:31:21',26,1),(198,'wydany','2026-01-10 11:32:55',26,1),(199,'wydany','2026-01-03 17:46:19',27,1),(200,'na_stanie','2026-01-02 02:41:40',27,1),(201,'wydany','2026-01-10 21:18:37',27,1),(202,'wydany','2026-01-03 17:19:09',27,1),(203,'wydany','2026-01-11 13:44:12',27,1),(204,'wydany','2026-01-05 03:56:52',27,1),(205,'wydany','2026-01-10 00:09:51',27,1),(206,'wydany','2026-01-09 11:03:27',27,1),(207,'wydany','2026-01-04 19:51:55',28,1),(208,'wydany','2026-01-10 20:54:53',28,1),(209,'wydany','2026-01-05 15:55:56',28,1),(210,'wydany','2026-01-10 20:12:16',28,1),(211,'wydany','2026-01-02 09:29:53',28,1),(212,'wydany','2026-01-11 14:16:12',29,1),(213,'wydany','2026-01-05 17:56:04',29,1),(214,'wydany','2026-01-01 01:08:53',29,1),(215,'wydany','2026-01-05 00:51:32',29,1),(216,'wydany','2026-01-02 07:06:40',29,1),(217,'wydany','2026-01-02 22:46:45',29,1),(218,'wydany','2026-01-01 06:17:03',29,1),(219,'wydany','2026-01-13 04:25:17',29,1),(220,'wydany','2026-01-11 07:55:21',29,1),(221,'wydany','2026-01-07 16:08:11',29,1),(222,'wydany','2026-01-03 14:37:56',30,1),(223,'zwrocony','2026-01-09 15:32:41',30,1),(224,'wydany','2026-01-02 00:43:59',30,1),(225,'wydany','2026-01-04 19:37:37',30,1),(226,'zwrocony','2026-01-09 07:27:12',30,1),(227,'wydany','2026-01-02 15:19:01',30,1),(228,'wydany','2026-01-11 11:05:49',30,1),(229,'na_stanie','2026-01-01 17:11:40',30,1),(230,'wydany','2026-01-02 01:22:54',31,1),(231,'wydany','2026-01-06 20:42:46',31,1),(232,'wydany','2026-01-04 22:28:44',31,1),(233,'wydany','2026-01-12 16:42:54',31,1),(234,'wydany','2026-01-04 04:51:28',32,1),(235,'wydany','2026-01-13 07:04:38',32,1),(236,'wydany','2026-01-10 02:14:38',32,1),(237,'wydany','2026-01-10 22:13:07',32,1),(238,'wydany','2026-01-10 20:36:49',32,1),(239,'wydany','2026-01-05 04:29:10',32,1),(240,'wydany','2026-01-13 07:11:36',33,1),(241,'wydany','2026-01-06 17:42:02',33,1),(242,'na_stanie','2026-01-03 14:49:05',33,1),(243,'wydany','2026-01-12 01:03:29',33,1),(244,'na_stanie','2026-01-06 03:55:30',33,1),(245,'na_stanie','2026-01-05 21:49:45',33,1),(246,'na_stanie','2026-01-03 03:37:26',33,1),(247,'na_stanie','2026-01-04 07:01:48',33,1),(248,'na_stanie','2026-01-03 21:54:01',33,1),(249,'na_stanie','2026-01-06 04:23:32',33,1),(250,'wydany','2026-01-11 01:48:34',34,1),(251,'wydany','2026-01-07 05:04:17',34,1),(252,'wydany','2026-01-11 00:15:34',34,1),(253,'wydany','2026-01-05 07:59:14',34,1),(254,'wydany','2026-01-07 18:23:48',34,1),(255,'na_stanie','2026-01-01 02:54:59',34,1),(256,'wydany','2026-01-04 23:39:44',35,1),(257,'wydany','2026-01-05 14:20:09',35,1),(258,'wydany','2026-01-05 15:14:44',35,1),(259,'wydany','2026-01-07 05:37:45',35,1),(260,'wydany','2026-01-06 09:11:43',35,1),(261,'wydany','2026-01-12 10:25:00',35,1),(262,'na_stanie','2026-01-02 17:32:06',35,1),(263,'wydany','2026-01-10 09:45:35',35,1),(264,'wydany','2026-01-12 13:49:14',36,1),(265,'wydany','2026-01-01 23:12:28',36,1),(266,'wydany','2026-01-08 07:07:06',36,1),(267,'wydany','2026-01-11 13:39:51',36,1),(268,'wydany','2026-01-08 10:25:21',36,1),(269,'wydany','2026-01-09 20:58:49',36,1),(270,'wydany','2026-01-05 10:28:59',36,1),(271,'wydany','2026-01-06 03:25:13',36,1),(272,'wydany','2026-01-04 03:51:45',36,1),(273,'wydany','2026-01-08 03:45:09',36,1),(274,'wydany','2026-01-07 22:19:28',36,1),(275,'wydany','2026-01-06 16:12:43',37,1),(276,'wydany','2026-01-10 10:25:26',37,1),(277,'wydany','2026-01-02 05:46:50',37,1),(278,'wydany','2026-01-02 14:14:41',37,1),(279,'wydany','2026-01-09 00:43:47',37,1),(280,'wydany','2026-01-04 01:28:33',37,1),(281,'wydany','2026-01-11 19:49:24',38,1),(282,'wydany','2026-01-06 23:09:27',38,1),(283,'wydany','2026-01-07 00:33:39',38,1),(284,'na_stanie','2026-01-06 05:41:06',38,1),(285,'wydany','2026-01-09 00:05:12',38,1),(286,'wydany','2026-01-08 05:57:23',38,1),(287,'na_stanie','2026-01-05 03:31:27',38,1),(288,'na_stanie','2026-01-03 10:59:41',38,1),(289,'wydany','2026-01-11 16:29:59',38,1),(290,'wydany','2026-01-11 13:09:33',38,1),(291,'wydany','2026-01-07 00:51:22',38,1),(292,'na_stanie','2026-01-05 12:22:41',38,1),(293,'na_stanie','2026-01-03 04:26:31',39,1),(294,'wydany','2026-01-05 05:59:11',39,1),(295,'wydany','2026-01-09 06:08:11',39,1),(296,'wydany','2026-01-08 13:59:37',39,1),(297,'zwrocony','2026-01-12 02:03:39',39,1),(298,'zwrocony','2026-01-12 10:46:17',39,1),(299,'wydany','2026-01-06 15:30:22',39,1),(300,'na_stanie','2026-01-02 02:51:34',39,1),(301,'na_stanie','2026-01-05 05:50:20',39,1),(302,'zwrocony','2026-01-07 01:13:48',40,1),(303,'wydany','2026-01-01 03:40:19',40,1),(304,'wydany','2026-01-05 23:09:46',40,1),(305,'wydany','2026-01-13 05:18:50',40,1),(306,'wydany','2026-01-12 07:12:17',40,1),(307,'wydany','2026-01-03 01:19:01',40,1),(308,'wydany','2026-01-11 12:56:53',41,1),(309,'wydany','2026-01-03 00:15:07',41,1),(310,'wydany','2026-01-08 18:50:10',41,1),(311,'na_stanie','2026-01-10 00:21:36',42,1),(312,'na_stanie','2026-01-06 05:11:39',42,1),(313,'na_stanie','2026-01-10 20:25:56',42,1),(314,'na_stanie','2026-01-04 00:31:50',42,1),(315,'na_stanie','2026-01-03 00:54:17',42,1),(316,'na_stanie','2026-01-02 08:05:55',42,1),(317,'na_stanie','2026-01-09 15:27:37',42,1),(318,'na_stanie','2026-01-10 22:36:16',42,1),(319,'wydany','2026-01-12 06:12:30',43,1),(320,'zwrocony','2026-01-12 08:35:41',43,1),(321,'zwrocony','2026-01-12 12:08:04',43,1),(322,'wydany','2026-01-10 04:56:07',44,1),(323,'wydany','2026-01-09 19:47:46',44,1),(324,'wydany','2026-01-11 04:39:13',44,1),(325,'na_stanie','2026-01-05 11:42:30',44,1),(326,'wydany','2026-01-12 01:45:26',44,1),(327,'wydany','2026-01-09 03:39:10',44,1),(328,'wydany','2026-01-09 11:40:26',44,1),(329,'na_stanie','2026-01-04 13:40:29',44,1),(330,'zwrocony','2026-01-08 02:57:12',44,1),(331,'wydany','2026-01-09 00:52:51',44,1),(332,'na_stanie','2026-01-01 18:47:19',44,1),(333,'na_stanie','2026-01-06 21:03:01',44,1),(334,'wydany','2026-01-10 00:28:49',45,1),(335,'wydany','2026-01-05 04:59:19',45,1),(336,'wydany','2026-01-11 12:42:30',45,1),(337,'wydany','2026-01-04 16:16:45',45,1),(338,'wydany','2026-01-12 03:40:22',45,1),(339,'wydany','2026-01-03 06:50:51',45,1),(340,'wydany','2026-01-08 17:57:27',45,1),(341,'wydany','2026-01-11 22:06:35',45,1),(342,'wydany','2026-01-11 10:34:55',45,1),(343,'wydany','2026-01-09 22:36:46',45,1),(344,'wydany','2026-01-10 13:23:06',45,1),(345,'wydany','2026-01-10 21:18:07',45,1),(346,'wydany','2026-01-03 13:43:41',46,1),(347,'wydany','2026-01-03 09:07:35',46,1),(348,'wydany','2026-01-11 20:29:58',46,1),(349,'wydany','2026-01-02 17:05:07',46,1),(350,'wydany','2026-01-04 18:17:57',46,1),(351,'wydany','2026-01-07 16:23:13',46,1),(352,'wydany','2026-01-12 16:07:38',47,1),(353,'na_stanie','2026-01-04 22:14:38',47,1),(354,'zwrocony','2026-01-11 19:26:39',47,1),(355,'na_stanie','2026-01-07 00:21:02',47,1),(356,'na_stanie','2026-01-09 17:03:45',47,1),(357,'wydany','2026-01-10 09:16:42',47,1),(358,'na_stanie','2026-01-08 22:54:10',47,1),(359,'wydany','2026-01-08 07:32:07',48,1),(360,'wydany','2026-01-11 00:10:13',48,1),(361,'wydany','2026-01-12 10:15:45',48,1),(362,'zwrocony','2026-01-07 01:23:11',49,1),(363,'wydany','2026-01-04 00:56:45',49,1),(364,'wydany','2026-01-01 10:03:44',49,1),(365,'wydany','2026-01-09 14:57:47',49,1),(366,'wydany','2026-01-05 04:39:07',49,1),(367,'wydany','2026-01-04 00:42:36',49,1),(368,'wydany','2026-01-01 13:46:38',49,1),(369,'wydany','2026-01-02 03:28:23',49,1),(370,'na_stanie','2026-01-02 19:05:56',50,1),(371,'wydany','2026-01-11 01:55:32',50,1),(372,'wydany','2026-01-04 22:58:27',50,1),(373,'na_stanie','2026-01-02 18:56:38',50,1),(374,'wydany','2026-01-09 00:30:57',50,1),(375,'wydany','2026-01-08 06:44:39',50,1),(376,'wydany','2026-01-06 08:36:55',51,1),(377,'wydany','2026-01-08 06:31:16',51,1),(378,'wydany','2026-01-12 20:01:13',51,1),(379,'wydany','2026-01-11 19:12:06',52,1),(380,'wydany','2026-01-10 21:25:01',52,1),(381,'wydany','2026-01-06 18:39:07',52,1),(382,'wydany','2026-01-10 13:15:54',52,1),(383,'wydany','2026-01-07 21:45:38',53,1),(384,'wydany','2026-01-12 05:51:45',53,1),(385,'na_stanie','2026-01-01 20:16:21',53,1),(386,'wydany','2026-01-08 11:43:19',53,1),(387,'wydany','2026-01-08 05:36:50',53,1),(388,'wydany','2026-01-06 13:39:52',53,1),(389,'wydany','2026-01-11 02:47:51',53,1),(390,'wydany','2026-01-04 13:15:44',53,1),(391,'wydany','2026-01-04 11:48:46',53,1),(392,'wydany','2026-01-09 03:12:38',53,1),(393,'wydany','2026-01-13 09:40:16',53,1),(394,'wydany','2026-01-07 14:56:05',53,1),(395,'wydany','2026-01-09 01:39:28',54,1),(396,'wydany','2026-01-07 17:07:41',54,1),(397,'wydany','2026-01-13 01:27:28',54,1),(398,'wydany','2026-01-09 02:13:11',54,1),(399,'na_stanie','2026-01-01 08:06:21',54,1),(400,'wydany','2026-01-11 00:08:16',54,1),(401,'wydany','2026-01-05 21:17:46',54,1),(402,'na_stanie','2026-01-04 12:30:21',54,1),(403,'wydany','2026-01-12 14:00:27',55,1),(404,'wydany','2026-01-03 16:52:06',55,1),(405,'wydany','2026-01-06 21:30:42',55,1),(406,'wydany','2026-01-01 08:39:06',55,1),(407,'wydany','2026-01-03 18:37:33',56,1),(408,'wydany','2026-01-05 17:10:04',56,1),(409,'wydany','2026-01-03 14:42:49',56,1),(410,'wydany','2026-01-02 04:33:44',56,1),(411,'wydany','2026-01-11 02:04:54',56,1),(412,'zwrocony','2026-01-07 17:08:58',56,1),(413,'wydany','2026-01-02 08:07:01',56,1),(414,'wydany','2026-01-08 01:22:46',57,1),(415,'wydany','2026-01-04 14:23:41',57,1),(416,'wydany','2026-01-09 02:43:07',57,1),(417,'wydany','2026-01-08 19:08:14',58,1),(418,'na_stanie','2026-01-02 16:51:06',58,1),(419,'na_stanie','2026-01-03 03:29:03',58,1),(420,'wydany','2026-01-08 11:34:53',58,1),(421,'wydany','2026-01-05 10:44:45',58,1),(422,'wydany','2026-01-09 08:39:07',58,1),(423,'wydany','2026-01-12 11:44:18',58,1),(424,'wydany','2026-01-07 20:53:08',58,1),(425,'zwrocony','2026-01-05 08:35:33',58,1),(426,'wydany','2026-01-10 09:40:27',58,1),(427,'wydany','2026-01-06 12:27:48',58,1),(428,'zwrocony','2026-01-03 12:51:56',58,1),(429,'wydany','2026-01-06 21:53:05',59,1),(430,'wydany','2026-01-02 02:17:53',59,1),(431,'wydany','2026-01-04 07:51:17',59,1),(432,'wydany','2026-01-07 02:07:33',59,1),(433,'wydany','2026-01-05 08:31:52',59,1),(434,'wydany','2026-01-09 11:25:17',59,1),(435,'wydany','2026-01-04 22:30:12',59,1),(436,'na_stanie','2026-01-01 13:32:21',59,1),(437,'zwrocony','2026-01-06 18:45:33',60,1),(438,'wydany','2026-01-05 04:14:18',60,1),(439,'wydany','2026-01-13 09:54:19',60,1),(440,'wydany','2026-01-08 14:22:20',61,1),(441,'na_stanie','2026-01-06 19:48:51',61,1),(442,'zwrocony','2026-01-11 03:06:33',61,1),(443,'na_stanie','2026-01-07 18:54:54',61,1),(444,'na_stanie','2026-01-06 20:33:46',61,1),(445,'wydany','2026-01-12 10:26:50',61,1),(446,'wydany','2026-01-12 04:18:00',61,1),(447,'na_stanie','2026-01-05 02:20:23',61,1),(448,'wydany','2026-01-10 05:10:37',61,1),(449,'na_stanie','2026-01-01 03:18:57',61,1),(450,'na_stanie','2026-01-07 03:42:27',61,1),(451,'wydany','2026-01-12 04:22:34',61,1),(452,'na_stanie','2026-01-02 22:52:15',62,1),(453,'zwrocony','2026-01-09 13:31:36',62,1),(454,'wydany','2026-01-09 09:47:31',62,1),(455,'na_stanie','2026-01-09 02:36:08',62,1),(456,'wydany','2026-01-11 09:26:22',62,1),(457,'na_stanie','2026-01-08 10:29:03',62,1),(458,'zwrocony','2026-01-09 20:23:29',62,1),(459,'na_stanie','2026-01-06 00:17:50',62,1),(460,'na_stanie','2026-01-08 02:19:00',62,1),(461,'na_stanie','2026-01-08 12:19:42',62,1),(462,'wydany','2026-01-10 20:14:25',62,1),(463,'wydany','2026-01-09 20:53:08',62,1),(464,'wydany','2026-01-11 19:22:58',63,1),(465,'wydany','2026-01-05 22:04:09',63,1),(466,'wydany','2026-01-06 10:23:15',63,1),(467,'wydany','2026-01-04 16:03:06',63,1),(468,'wydany','2026-01-10 18:00:43',63,1),(469,'wydany','2026-01-11 09:12:07',63,1),(470,'wydany','2026-01-06 04:28:00',63,1),(471,'wydany','2026-01-04 14:22:23',63,1),(472,'zwrocony','2026-01-09 08:57:20',63,1),(473,'wydany','2026-01-01 22:12:29',63,1),(474,'wydany','2026-01-13 04:10:27',63,1),(475,'wydany','2026-01-13 01:40:56',63,1),(476,'zwrocony','2026-01-03 03:04:00',64,1),(477,'zwrocony','2026-01-02 07:16:09',64,1),(478,'wydany','2026-01-09 13:39:39',64,1),(479,'wydany','2026-01-12 11:00:25',64,1),(480,'wydany','2026-01-01 01:55:15',64,1),(481,'wydany','2026-01-13 06:37:51',64,1),(482,'wydany','2026-01-06 20:25:13',64,1),(483,'wydany','2026-01-01 22:23:00',64,1),(484,'zwrocony','2026-01-11 22:03:39',64,1),(485,'zwrocony','2026-01-11 07:13:27',64,1),(486,'na_stanie','2026-01-10 01:36:18',65,1),(487,'wydany','2026-01-12 02:26:36',65,1),(488,'wydany','2026-01-12 08:11:49',65,1),(489,'na_stanie','2026-01-06 07:38:43',65,1),(490,'wydany','2026-01-12 06:39:27',65,1),(491,'wydany','2026-01-11 14:14:24',65,1),(492,'wydany','2026-01-13 00:15:28',65,1),(493,'wydany','2026-01-13 01:31:45',65,1),(494,'wydany','2026-01-05 17:36:56',66,1),(495,'wydany','2026-01-01 06:24:28',66,1),(496,'zwrocony','2026-01-11 05:29:00',66,1),(497,'wydany','2026-01-03 00:34:12',66,1),(498,'wydany','2026-01-02 15:47:21',66,1),(499,'wydany','2026-01-05 23:56:56',66,1),(500,'wydany','2026-01-11 16:25:09',66,1),(501,'wydany','2026-01-05 01:44:51',66,1),(502,'wydany','2026-01-10 00:23:20',66,1),(503,'na_stanie','2026-01-07 08:47:46',67,1),(504,'na_stanie','2026-01-07 11:24:13',67,1),(505,'na_stanie','2026-01-06 03:10:39',67,1),(506,'wydany','2026-01-12 10:38:21',67,1),(507,'wydany','2026-01-10 19:27:28',67,1),(508,'na_stanie','2026-01-06 07:04:05',67,1),(509,'wydany','2026-01-10 11:27:12',67,1),(510,'wydany','2026-01-09 23:56:52',67,1),(511,'wydany','2026-01-10 21:53:57',67,1),(512,'wydany','2026-01-13 00:55:49',67,1),(513,'wydany','2026-01-11 17:00:41',67,1),(514,'zwrocony','2026-01-06 09:10:45',68,1),(515,'wydany','2026-01-06 15:28:26',68,1),(516,'zwrocony','2026-01-03 04:11:25',68,1),(517,'wydany','2026-01-03 17:22:47',69,1),(518,'wydany','2026-01-08 02:47:22',69,1),(519,'wydany','2026-01-01 11:39:31',69,1),(520,'wydany','2026-01-05 02:58:54',69,1),(521,'wydany','2026-01-02 19:36:13',69,1),(522,'wydany','2026-01-08 15:02:28',69,1),(523,'wydany','2026-01-05 03:27:15',69,1),(524,'wydany','2026-01-03 06:33:43',70,1),(525,'wydany','2026-01-07 23:21:20',70,1),(526,'wydany','2026-01-03 05:55:34',70,1),(527,'wydany','2026-01-01 09:08:01',70,1),(528,'wydany','2026-01-03 18:18:45',70,1),(529,'wydany','2026-01-08 07:07:25',70,1),(530,'wydany','2026-01-05 19:10:19',70,1),(531,'wydany','2026-01-09 07:11:54',70,1),(532,'wydany','2026-01-04 16:49:41',70,1),(533,'wydany','2026-01-10 08:58:48',70,1),(534,'wydany','2026-01-06 05:44:15',71,1),(535,'zwrocony','2026-01-02 11:29:39',71,1),(536,'wydany','2026-01-06 15:03:41',71,1),(537,'wydany','2026-01-07 23:50:25',71,1),(538,'zwrocony','2026-01-01 02:42:44',71,1),(539,'wydany','2026-01-11 10:08:37',71,1),(540,'wydany','2026-01-05 10:44:50',71,1),(541,'wydany','2026-01-05 00:32:56',72,1),(542,'wydany','2026-01-06 02:23:33',72,1),(543,'wydany','2026-01-07 05:26:22',72,1),(544,'wydany','2026-01-05 23:30:05',73,1),(545,'na_stanie','2026-01-02 21:33:01',73,1),(546,'wydany','2026-01-04 05:22:03',73,1),(547,'na_stanie','2026-01-01 18:17:51',73,1),(548,'wydany','2026-01-08 04:24:00',73,1),(549,'na_stanie','2026-01-03 11:21:44',73,1),(550,'na_stanie','2026-01-03 17:42:55',73,1),(551,'wydany','2026-01-13 11:56:16',73,1),(552,'wydany','2026-01-07 13:49:28',73,1),(553,'wydany','2026-01-13 00:42:54',73,1),(554,'zwrocony','2026-01-05 06:06:42',73,1),(555,'wydany','2026-01-09 18:36:23',74,1),(556,'wydany','2026-01-09 01:50:53',74,1),(557,'wydany','2026-01-04 03:51:35',74,1),(558,'wydany','2026-01-02 14:07:40',74,1),(559,'wydany','2026-01-10 15:26:58',74,1),(560,'wydany','2026-01-10 02:02:35',74,1),(561,'wydany','2026-01-07 01:48:13',74,1),(562,'wydany','2026-01-07 20:53:19',74,1),(563,'wydany','2026-01-06 03:49:02',75,1),(564,'wydany','2026-01-13 08:47:10',75,1),(565,'na_stanie','2026-01-01 22:06:10',75,1),(566,'wydany','2026-01-02 23:30:04',75,1),(567,'na_stanie','2026-01-01 17:59:24',75,1),(568,'wydany','2026-01-10 01:02:53',75,1),(569,'wydany','2026-01-11 21:25:45',75,1),(570,'wydany','2026-01-02 21:40:27',75,1),(571,'wydany','2026-01-11 22:00:11',76,1),(572,'zwrocony','2026-01-08 16:37:34',76,1),(573,'zwrocony','2026-01-08 04:53:32',76,1),(574,'wydany','2026-01-08 00:34:08',76,1),(575,'wydany','2026-01-05 01:15:41',76,1),(576,'wydany','2026-01-01 08:13:20',76,1),(577,'wydany','2026-01-10 18:50:40',76,1),(578,'wydany','2026-01-07 14:31:19',77,1),(579,'wydany','2026-01-06 23:58:36',77,1),(580,'wydany','2026-01-05 20:30:33',77,1),(581,'wydany','2026-01-01 22:13:19',77,1),(582,'wydany','2026-01-08 09:22:02',77,1),(583,'wydany','2026-01-03 15:49:16',77,1),(584,'wydany','2026-01-07 00:24:34',77,1),(585,'zwrocony','2026-01-10 07:36:45',78,1),(586,'wydany','2026-01-04 22:31:40',78,1),(587,'wydany','2026-01-01 12:00:49',78,1),(588,'wydany','2026-01-09 16:12:38',78,1),(589,'wydany','2026-01-01 00:17:18',78,1),(590,'wydany','2026-01-06 04:18:18',78,1),(591,'wydany','2026-01-08 20:44:02',78,1),(592,'zwrocony','2026-01-10 12:41:33',78,1),(593,'wydany','2026-01-03 09:26:55',79,1),(594,'wydany','2026-01-06 00:03:40',79,1),(595,'zwrocony','2026-01-01 15:27:26',79,1),(596,'wydany','2026-01-11 21:39:42',79,1),(597,'wydany','2026-01-01 23:20:46',79,1),(598,'wydany','2026-01-08 01:57:38',79,1),(599,'wydany','2026-01-03 03:07:30',79,1),(600,'wydany','2026-01-10 16:49:19',79,1),(601,'wydany','2026-01-13 11:59:30',80,1),(602,'wydany','2026-01-06 03:52:02',80,1),(603,'wydany','2026-01-02 18:36:01',80,1),(604,'wydany','2026-01-05 11:55:21',80,1),(605,'na_stanie','2026-01-02 12:02:14',80,1),(606,'wydany','2026-01-09 20:38:15',81,1),(607,'wydany','2026-01-07 05:55:09',81,1),(608,'wydany','2026-01-06 11:22:25',81,1),(609,'wydany','2026-01-12 17:31:15',81,1),(610,'wydany','2026-01-07 11:32:51',81,1),(611,'wydany','2026-01-06 03:27:19',81,1),(612,'wydany','2026-01-13 08:12:53',81,1),(613,'na_stanie','2026-01-08 00:43:33',82,1),(614,'na_stanie','2026-01-06 12:20:06',82,1),(615,'wydany','2026-01-10 17:26:38',82,1),(616,'wydany','2026-01-10 14:28:21',82,1),(617,'wydany','2026-01-12 04:37:32',82,1),(618,'na_stanie','2026-01-03 10:24:43',82,1),(619,'na_stanie','2026-01-09 02:40:27',82,1),(620,'wydany','2026-01-09 11:57:38',82,1),(621,'na_stanie','2026-01-08 21:58:00',82,1),(622,'na_stanie','2026-01-06 13:24:00',82,1),(623,'wydany','2026-01-11 21:52:17',83,1),(624,'na_stanie','2026-01-08 01:07:34',83,1),(625,'zwrocony','2026-01-13 08:12:21',83,1),(626,'na_stanie','2026-01-01 06:02:11',83,1),(627,'zwrocony','2026-01-12 05:43:34',83,1),(628,'na_stanie','2026-01-03 00:25:29',83,1),(629,'na_stanie','2026-01-01 08:50:45',83,1),(630,'wydany','2026-01-08 11:03:59',83,1),(631,'wydany','2026-01-10 01:48:51',83,1),(632,'wydany','2026-01-10 08:31:52',83,1),(633,'na_stanie','2026-01-03 05:45:19',83,1),(634,'wydany','2026-01-13 08:13:01',83,1),(635,'na_stanie','2026-01-03 21:27:55',84,1),(636,'na_stanie','2026-01-02 16:19:54',84,1),(637,'na_stanie','2026-01-02 03:25:24',84,1),(638,'wydany','2026-01-06 21:35:34',84,1),(639,'na_stanie','2026-01-01 10:00:48',84,1),(640,'wydany','2026-01-09 12:20:23',84,1),(641,'wydany','2026-01-11 05:02:53',84,1),(642,'wydany','2026-01-12 09:45:53',84,1),(643,'wydany','2026-01-05 14:19:16',84,1),(644,'wydany','2026-01-12 09:55:42',84,1),(645,'wydany','2026-01-05 16:44:20',84,1),(646,'wydany','2026-01-03 17:00:12',85,1),(647,'wydany','2026-01-04 22:34:09',85,1),(648,'wydany','2026-01-04 23:18:35',85,1),(649,'wydany','2026-01-10 01:35:45',85,1),(650,'wydany','2026-01-02 10:13:05',86,1),(651,'wydany','2026-01-11 21:08:34',86,1),(652,'wydany','2026-01-09 05:06:48',86,1),(653,'wydany','2026-01-07 08:01:29',86,1),(654,'wydany','2026-01-10 15:01:48',86,1),(655,'wydany','2026-01-04 09:07:48',86,1),(656,'wydany','2026-01-11 19:05:48',86,1),(657,'wydany','2026-01-02 18:25:13',86,1),(658,'zwrocony','2026-01-12 10:50:02',86,1),(659,'wydany','2026-01-08 02:03:03',86,1),(660,'wydany','2026-01-12 15:56:07',86,1),(661,'wydany','2026-01-11 01:09:09',87,1),(662,'zwrocony','2026-01-10 11:59:05',87,1),(663,'wydany','2026-01-11 07:18:51',87,1),(664,'wydany','2026-01-09 01:35:35',87,1),(665,'wydany','2026-01-13 10:52:42',87,1),(666,'wydany','2026-01-06 22:41:17',87,1),(667,'wydany','2026-01-05 21:42:25',88,1),(668,'wydany','2026-01-03 17:33:19',88,1),(669,'na_stanie','2026-01-02 22:40:37',88,1),(670,'wydany','2026-01-03 12:23:20',88,1),(671,'wydany','2026-01-04 00:11:28',88,1),(672,'wydany','2026-01-10 16:50:33',89,1),(673,'wydany','2026-01-10 10:43:38',89,1),(674,'wydany','2026-01-09 01:14:45',89,1),(675,'wydany','2026-01-01 10:11:49',89,1),(676,'wydany','2026-01-05 08:28:31',90,1),(677,'wydany','2026-01-11 01:42:40',90,1),(678,'wydany','2026-01-06 13:31:31',90,1),(679,'wydany','2026-01-03 10:45:35',90,1),(680,'wydany','2026-01-04 09:08:40',90,1),(681,'wydany','2026-01-07 06:41:43',90,1),(682,'wydany','2026-01-11 17:05:42',90,1),(683,'wydany','2026-01-09 08:54:29',91,1),(684,'wydany','2026-01-09 10:24:21',91,1),(685,'wydany','2026-01-08 10:38:43',91,1),(686,'wydany','2026-01-11 20:39:48',91,1),(687,'wydany','2026-01-11 13:51:20',91,1),(688,'wydany','2026-01-05 12:55:09',91,1),(689,'wydany','2026-01-05 10:49:35',91,1),(690,'na_stanie','2026-01-02 21:04:56',91,1),(691,'na_stanie','2026-01-05 07:33:24',91,1),(692,'wydany','2026-01-12 12:28:46',92,1),(693,'wydany','2026-01-05 06:03:20',92,1),(694,'wydany','2026-01-04 00:22:51',92,1),(695,'wydany','2026-01-03 08:41:12',93,1),(696,'wydany','2026-01-12 11:08:54',93,1),(697,'wydany','2026-01-05 18:07:00',93,1),(698,'wydany','2026-01-05 06:24:33',93,1),(699,'na_stanie','2026-01-08 02:42:40',94,1),(700,'na_stanie','2026-01-04 02:11:45',94,1),(701,'wydany','2026-01-11 22:22:57',94,1),(702,'na_stanie','2026-01-05 16:29:50',94,1),(703,'na_stanie','2026-01-04 12:27:20',94,1),(704,'na_stanie','2026-01-07 07:58:28',94,1),(705,'zwrocony','2026-01-11 04:19:34',94,1),(706,'na_stanie','2026-01-02 09:05:17',94,1),(707,'na_stanie','2026-01-10 12:57:36',94,1),(708,'na_stanie','2026-01-08 20:33:17',94,1),(709,'na_stanie','2026-01-03 10:47:08',95,1),(710,'wydany','2026-01-12 00:05:15',95,1),(711,'na_stanie','2026-01-03 22:12:35',95,1),(712,'wydany','2026-01-07 13:13:58',95,1),(713,'wydany','2026-01-08 05:45:55',95,1),(714,'wydany','2026-01-12 17:37:49',95,1),(715,'na_stanie','2026-01-02 10:17:15',95,1),(716,'wydany','2026-01-08 20:42:24',96,1),(717,'wydany','2026-01-02 11:31:03',96,1),(718,'wydany','2026-01-11 11:22:44',96,1),(719,'wydany','2026-01-04 10:15:58',96,1),(720,'wydany','2026-01-10 12:19:16',96,1),(721,'wydany','2026-01-04 06:57:50',96,1),(722,'wydany','2026-01-06 20:03:34',96,1),(723,'zwrocony','2026-01-03 00:01:15',96,1),(724,'wydany','2026-01-06 11:30:33',96,1),(725,'wydany','2026-01-07 03:28:31',96,1),(726,'wydany','2026-01-06 08:15:33',96,1),(727,'zwrocony','2026-01-02 09:59:43',96,1),(728,'wydany','2026-01-09 17:08:28',97,1),(729,'wydany','2026-01-07 09:30:44',97,1),(730,'wydany','2026-01-13 00:31:42',97,1),(731,'wydany','2026-01-05 18:53:04',97,1),(732,'wydany','2026-01-05 14:27:48',98,1),(733,'wydany','2026-01-11 23:03:45',98,1),(734,'wydany','2026-01-11 21:23:48',98,1),(735,'na_stanie','2026-01-02 06:15:24',98,1),(736,'zwrocony','2026-01-10 22:32:00',98,1),(737,'wydany','2026-01-13 06:48:44',98,1),(738,'na_stanie','2026-01-02 12:16:05',98,1),(739,'na_stanie','2026-01-09 15:28:36',99,1),(740,'na_stanie','2026-01-07 19:25:09',99,1),(741,'na_stanie','2026-01-10 03:48:27',99,1),(742,'wydany','2026-01-13 08:18:46',99,1),(743,'na_stanie','2026-01-04 23:54:40',99,1),(744,'na_stanie','2026-01-10 07:54:35',99,1),(745,'na_stanie','2026-01-09 19:47:46',99,1),(746,'zwrocony','2026-01-11 15:43:04',99,1),(747,'wydany','2026-01-12 15:59:30',99,1),(748,'na_stanie','2026-01-01 18:56:53',99,1),(749,'wydany','2026-01-04 06:58:10',100,1),(750,'wydany','2026-01-02 04:34:03',100,1),(751,'wydany','2026-01-10 10:13:25',100,1),(752,'wydany','2026-01-12 12:10:08',100,1),(753,'wydany','2026-01-06 00:57:23',100,1),(754,'wydany','2026-01-09 22:52:59',100,1),(755,'wydany','2026-01-08 15:28:26',101,1),(756,'na_stanie','2026-01-02 14:23:23',101,1),(757,'wydany','2026-01-08 13:23:00',101,1),(758,'wydany','2026-01-09 21:32:27',101,1),(759,'wydany','2026-01-09 22:55:19',101,1),(760,'wydany','2026-01-03 12:51:01',101,1),(761,'wydany','2026-01-11 19:06:22',102,1),(762,'na_stanie','2026-01-03 17:53:17',102,1),(763,'zwrocony','2026-01-11 09:00:11',102,1),(764,'wydany','2026-01-04 23:37:10',102,1),(765,'wydany','2026-01-07 10:46:23',102,1),(766,'wydany','2026-01-12 02:43:34',102,1),(767,'na_stanie','2026-01-01 00:21:37',102,1),(768,'wydany','2026-01-10 07:14:05',102,1),(769,'wydany','2026-01-13 06:12:38',102,1);
/*!40000 ALTER TABLE `egzemplarz` ENABLE KEYS */;
UNLOCK TABLES;

--
-- Table structure for table `firma_kurierska`
--

DROP TABLE IF EXISTS `firma_kurierska`;
/*!40101 SET @saved_cs_client     = @@character_set_client */;
/*!50503 SET character_set_client = utf8mb4 */;
CREATE TABLE `firma_kurierska` (
  `firma_kurierska_id` int NOT NULL AUTO_INCREMENT,
  `nazwa` varchar(45) NOT NULL,
  PRIMARY KEY (`firma_kurierska_id`)
) ENGINE=InnoDB AUTO_INCREMENT=7 DEFAULT CHARSET=utf8mb4 COLLATE=utf8mb4_0900_ai_ci;
/*!40101 SET character_set_client = @saved_cs_client */;

--
-- Dumping data for table `firma_kurierska`
--

LOCK TABLES `firma_kurierska` WRITE;
/*!40000 ALTER TABLE `firma_kurierska` DISABLE KEYS */;
INSERT INTO `firma_kurierska` VALUES (1,'InPost'),(2,'DPD'),(3,'DHL'),(4,'GLS'),(5,'FedEx'),(6,'Pocztex');
/*!40000 ALTER TABLE `firma_kurierska` ENABLE KEYS */;
UNLOCK TABLES;

--
-- Table structure for table `kategoria`
--

DROP TABLE IF EXISTS `kategoria`;
/*!40101 SET @saved_cs_client     = @@character_set_client */;
/*!50503 SET character_set_client = utf8mb4 */;
CREATE TABLE `kategoria` (
  `kategoria_id` int NOT NULL AUTO_INCREMENT,
  `nazwa` varchar(45) NOT NULL,
  PRIMARY KEY (`kategoria_id`)
) ENGINE=InnoDB AUTO_INCREMENT=11 DEFAULT CHARSET=utf8mb4 COLLATE=utf8mb4_0900_ai_ci;
/*!40101 SET character_set_client = @saved_cs_client */;

--
-- Dumping data for table `kategoria`
--

LOCK TABLES `kategoria` WRITE;
/*!40000 ALTER TABLE `kategoria` DISABLE KEYS */;
INSERT INTO `kategoria` VALUES (1,'kurtki'),(2,'bluzy'),(3,'t-shirty'),(4,'spodnie'),(5,'sukienki'),(6,'koszule'),(7,'swetry'),(8,'obuwie'),(9,'akcesoria'),(10,'spódnice');
/*!40000 ALTER TABLE `kategoria` ENABLE KEYS */;
UNLOCK TABLES;

--
-- Table structure for table `klient`
--

DROP TABLE IF EXISTS `klient`;
/*!40101 SET @saved_cs_client     = @@character_set_client */;
/*!50503 SET character_set_client = utf8mb4 */;
CREATE TABLE `klient` (
  `klient_id` int unsigned NOT NULL,
  `imie` varchar(45) NOT NULL,
  `nazwisko` varchar(45) NOT NULL,
  `email` varchar(45) NOT NULL,
  `numer_telefonu` int NOT NULL,
  `konto_id` int NOT NULL,
  PRIMARY KEY (`klient_id`,`konto_id`),
  UNIQUE KEY `email_UNIQUE` (`email`),
  UNIQUE KEY `numer_telefonu_UNIQUE` (`numer_telefonu`),
  UNIQUE KEY `klient_id_UNIQUE` (`klient_id`),
  KEY `fk_klient_konto1_idx` (`konto_id`),
  CONSTRAINT `fk_klient_konto1` FOREIGN KEY (`konto_id`) REFERENCES `konto` (`konto_id`)
) ENGINE=InnoDB DEFAULT CHARSET=utf8mb4 COLLATE=utf8mb4_0900_ai_ci;
/*!40101 SET character_set_client = @saved_cs_client */;

--
-- Dumping data for table `klient`
--

LOCK TABLES `klient` WRITE;
/*!40000 ALTER TABLE `klient` DISABLE KEYS */;
INSERT INTO `klient` VALUES (1,'Borys','Kuświk','emilpoczta@example.net',788004504,1),(2,'Anastazja','Małyszka','gszczypior@example.net',806896293,2),(3,'Elżbieta','Kwarciak','maciejkoziatek@example.net',657124792,3),(4,'Inga','Rozum','fryczrobert@example.net',641886928,4),(5,'Sandra','Piotrak','gronkiewiczgabriel@example.org',639087517,5),(6,'Nicole','Fulara','jacekmatulka@example.net',869559979,6),(7,'Sara','Stożek','natasza03@example.net',697700557,7),(8,'Franciszek','Gietka','njaracz@example.net',510194631,8),(9,'Tymoteusz','Dmoch','kajetan04@example.org',867643628,9),(10,'Adrianna','Wójt','jeremiszalkiewicz@example.com',725133129,10),(11,'Eryk','Tworzydło','nicolefedyk@example.org',765750425,11),(12,'Karina','Płocharczyk','kornelia17@example.net',738992701,12),(13,'Tymoteusz','Sip','liwia21@example.org',580888464,13),(14,'Natan','Pazoła','arkadiusz80@example.com',752460408,14),(15,'Fabian','Jasionek','lukasz06@example.net',548911568,15),(16,'Oskar','Soliwoda','arturorzeszek@example.org',502412426,16),(17,'Ryszard','Faruga','hfranas@example.net',551375287,17),(18,'Apolonia','Prokopczyk','justynaszramka@example.com',635641521,18),(19,'Marianna','Szara','olga94@example.net',861891771,19),(20,'Stefan','Bazydło','uroskosz@example.org',543742892,20),(21,'Aleksander','Hołota','arkadiusz64@example.com',773639239,21),(22,'Bianka','Kempka','wawrzkiewiczstanislaw@example.net',854004352,22),(23,'Aurelia','Wyroślak','qpotok@example.net',596998347,23),(24,'Cezary','Kempny','gonsiormaciej@example.net',796482122,24),(25,'Karina','Miąsik','tymonbernatowicz@example.org',593484233,25),(26,'Mateusz','Ostapiuk','lukasz09@example.net',581869980,26),(27,'Bianka','Zmuda','jenekolaf@example.org',714314242,27),(28,'Witold','Pryk','etruchel@example.com',773179773,28),(29,'Witold','Kinal','patrykkrzykala@example.com',677919358,29),(30,'Marcelina','Bruzda','justynalizurej@example.net',872922181,30),(31,'Bruno','Cader','apolonia61@example.net',533108231,31),(32,'Ida','Szczot','andrzejopiola@example.org',504051959,32),(33,'Kamil','Gasz','kacperswieton@example.org',854724960,33),(34,'Tymon','Bas','radoslawpalen@example.org',665971955,34),(35,'Nataniel','Matusewicz','maciej10@example.org',569535603,35),(36,'Marianna','Kluczyk','grzegorzozieblo@example.com',666765200,36),(37,'Oskar','Walusiak','aleksanderbracha@example.org',781658665,37),(38,'Agnieszka','Obiała','kratafryderyk@example.org',526274046,38),(39,'Paweł','Hałat','sara65@example.com',527139224,39),(40,'Sandra','Kuryłowicz','jeszkaanna-maria@example.com',660798682,40),(41,'Eliza','Gwardiak','krystynaszajek@example.com',702187378,41),(42,'Ida','Cybul','beckerradoslaw@example.net',752007685,42),(43,'Tobiasz','Chłąd','wcieciura@example.com',526562311,43),(44,'Marcel','Sykut','mariuszpietrasiak@example.com',536846569,44),(45,'Marek','Beśka','filipflorian@example.org',769593327,45),(46,'Olaf','Łobacz','patokaernest@example.com',610011940,46),(47,'Mikołaj','Bródka','krzywonossylwia@example.net',536612018,47),(48,'Jacek','Michel','mosiolekantoni@example.net',500942939,48),(49,'Julita','Staśko','kornelia06@example.org',812877086,49),(50,'Franciszek','Pinda','mieszkolas@example.org',813850527,50),(51,'Eliza','Dzienis','maksleszcz@example.net',699237284,51),(52,'Urszula','Kijanka','uryszkiewicz@example.org',825351909,52),(53,'Inga','Kucz','alexmichniak@example.org',751988360,53),(54,'Marianna','Rolek','maurycytwardosz@example.org',724323076,54),(55,'Leonard','Soczówka','siemekmalwina@example.org',623048009,55),(56,'Leonard','Reichel','durlakkamil@example.net',773974602,56),(57,'Karina','Miozga','boksamalwina@example.com',781013326,57),(58,'Apolonia','Breguła','chalimoniukleonard@example.com',568282960,58),(59,'Igor','Kopiczko','solichkarol@example.com',838707986,59),(60,'Oliwier','Mikosz','blapacz@example.com',791147490,60),(61,'Tymoteusz','Pietrek','irlacyprian@example.net',813363584,61),(62,'Fabian','Krata','tomasz55@example.com',602158568,62),(63,'Ksawery','Białczyk','tymoteusz27@example.net',784658293,63),(64,'Arkadiusz','Rorat','szymon95@example.org',672070103,64),(65,'Sylwia','Nicewicz','przemyslaw99@example.net',754436413,65),(66,'Miłosz','Rycerz','dziopaanita@example.org',739178635,66),(67,'Olgierd','Piksa','jerzybudzich@example.com',749356719,67),(68,'Cyprian','Kurzak','wiktorbrygola@example.com',736202912,68),(69,'Iwo','Heczko','juliannatroka@example.com',510646391,69),(70,'Stanisław','Hubert','estroz@example.org',871841841,70),(71,'Józef','Panicz','aleksander09@example.com',683342879,71),(72,'Kamil','Tworzydło','ada18@example.com',591048378,72),(73,'Krystian','Pietryga','zwietecha@example.org',825253357,73),(74,'Angelika','Litewka','damian03@example.net',531453885,74),(75,'Rozalia','Szczesiak','nelagryga@example.org',575436169,75),(76,'Eliza','Obarzanek','jaremkohubert@example.com',626148914,76),(77,'Alan','Matacz','stachelekeliza@example.net',832194901,77),(78,'Józef','Poniedziałek','eryk89@example.com',621515239,78),(79,'Marcin','Plizga','amikus@example.com',546184226,79),(80,'Dariusz','Księżyk','bianka08@example.com',777543621,80),(81,'Ignacy','Wielgos','monika97@example.net',644604260,81),(82,'Maciej','Pielach','norbert23@example.net',538255958,82),(83,'Dagmara','Szłapka','norbertgodzik@example.org',803846387,83),(84,'Szymon','Błaszyk','yschubert@example.com',759680561,84),(85,'Tomasz','Sędek','llapacz@example.net',580145220,85),(86,'Kornel','Makles','antoni10@example.net',765087610,86),(87,'Jeremi','Swacha','iwo19@example.org',682001382,87),(88,'Eryk','Dziopa','stanislaw33@example.org',601532840,88),(89,'Oliwier','Pusz','olgamatejuk@example.net',760504449,89),(90,'Jeremi','Dymarczyk','ksawery82@example.com',762600654,90),(91,'Dorota','Trąbka','liwiakryszkiewicz@example.net',867641241,91),(92,'Anastazja','Sadlik','tkrzyszczak@example.net',872632066,92),(93,'Dawid','Gruza','dudziczkaja@example.com',546905024,93),(94,'Robert','Wyrwich','karczmarzkalina@example.org',530571213,94),(95,'Urszula','Rode','jansloboda@example.org',631572691,95),(96,'Miłosz','Pastor','gdanisz@example.com',890571932,96),(97,'Albert','Jaszczyszyn','kamilciuk@example.org',670423400,97),(98,'Mikołaj','Czerkies','anitakulisz@example.net',574736361,98),(99,'Wiktor','Dudziec','blazej93@example.org',578606016,99),(100,'Roksana','Kwarciak','eliza76@example.org',724096101,100),(101,'Krystyna','Reichel','bblock@example.com',532968357,101),(102,'Mikołaj','Dzika','nastalynikodem@example.org',762264943,102),(103,'Ewa','Walus','tymondamek@example.com',608869174,103),(104,'Franciszek','Jeske','wojtachwitold@example.org',855601340,104),(105,'Inga','Kopa','dorota33@example.org',531935989,105),(106,'Dagmara','Bruś','ojakobiak@example.com',603968174,106),(107,'Ewa','Grab','bieniajacek@example.org',705337195,107),(108,'Roksana','Smyl','nrohde@example.org',589230082,108),(109,'Miłosz','Malka','ekuciak@example.com',741511305,109),(110,'Mateusz','Lademann','hubert23@example.net',696112398,110),(111,'Konstanty','Woszczyna','bwiencek@example.org',660650145,111),(112,'Konrad','Słowiak','pilarekcezary@example.com',584537110,112),(113,'Jeremi','Pabis','witoldsudnik@example.net',899015371,113),(114,'Kornel','Steciuk','jeremi26@example.com',658543051,114),(115,'Józef','Brejnak','dkleczar@example.net',561876917,115),(116,'Elżbieta','Bogusiewicz','kamilapudelek@example.com',614475832,116),(117,'Konstanty','Jaroszuk','tymoteuszrompa@example.com',710951851,117),(118,'Gaja','Labudda','jalowiecida@example.com',646052972,118),(119,'Nicole','Józwik','aleks23@example.com',847225286,119),(120,'Olaf','Chaba','sosnowkabianka@example.com',891690368,120),(121,'Aurelia','Namysło','olgierd54@example.com',703403640,121),(122,'Ida','Pielka','danieljuroszek@example.net',882007257,122),(123,'Ernest','Faruga','wbogumil@example.org',685298734,123),(124,'Cezary','Grzelczyk','melaniasopata@example.net',631157694,124),(125,'Natan','Bryja','borys99@example.com',840299413,125),(126,'Kamil','Kiełek','tthomas@example.net',795058115,126),(127,'Ernest','Mazek','elzbietalalak@example.org',527945117,127),(128,'Marcelina','Kwarciak','qparada@example.com',620962889,128),(129,'Krzysztof','Łaskawiec','dagmarakononowicz@example.com',819452703,129),(130,'Róża','Ślimak','maksslebioda@example.com',797226690,130),(131,'Bruno','Niemczuk','sosial@example.com',842756906,131),(132,'Ernest','Herda','marcelinakuder@example.org',581712980,132),(133,'Aleks','Ćwirko','borystyczka@example.com',501876529,133),(134,'Eliza','Matyka','ida26@example.org',810350265,134),(135,'Tadeusz','Chorążewicz','melaniakunert@example.org',721817071,135),(136,'Igor','Długozima','jwawrzynek@example.net',641529619,136),(137,'Liwia','Fierek','anitaswiech@example.org',515796223,137),(138,'Marianna','Blaut','asupel@example.com',640355949,138),(139,'Robert','Beśka','kniaznatasza@example.org',545471167,139),(140,'Kaja','Korgul','idagolda@example.org',894661287,140),(141,'Juliusz','Chyb','qhaponiuk@example.com',878695341,141),(142,'Monika','Ledzion','opompa@example.net',559166936,142),(143,'Sylwia','Bobrowicz','jan74@example.net',595754095,143),(144,'Lidia','Furmankiewicz','janinawilusz@example.org',702143487,144),(145,'Natasza','Kielczyk','vkondej@example.org',611264565,145),(146,'Leon','Golisz','franciszekwijata@example.net',552421298,146),(147,'Kalina','Szymków','gaja52@example.org',769501741,147),(148,'Kamil','Korbut','arkadiusz16@example.com',702090521,148),(149,'Karol','Cieniuch','marika42@example.net',798944350,149),(150,'Eliza','Święs','wiraszkadariusz@example.net',752991282,150),(151,'Adam','Lemiesz','ada71@example.net',568616374,151),(152,'Bruno','Doroba','moryckonrad@example.com',803224024,152),(153,'Urszula','Pich','juliannasmagacz@example.com',673778679,153),(154,'Fryderyk','Kasiak','aniela93@example.org',786195610,154),(155,'Sandra','Mazek','wylupeknatan@example.com',732083829,155),(156,'Marcel','Matulewicz','bialousandrzej@example.com',643103053,156),(157,'Norbert','Matyjas','alament@example.com',698042448,157),(158,'Albert','Ciaś','tadeuszdlugozima@example.com',687781024,158),(159,'Albert','Wawrzynowicz','gusciorablanka@example.net',550399215,159),(160,'Leon','Kudlak','aurelia61@example.com',871884343,160),(161,'Kamila','Waloszek','krzankornel@example.net',833469737,161),(162,'Tymoteusz','Miecznik','ctokarek@example.com',666881224,162),(163,'Agnieszka','Pietrasz','maksymilian31@example.com',606384324,163),(164,'Julianna','Kieszek','bazylukmariusz@example.org',803591972,164),(165,'Iwo','Przybycień','tymon75@example.net',675933842,165),(166,'Blanka','Ludwik','kajetanjedrys@example.com',773882498,166),(167,'Kornelia','Wójt','puliasz@example.org',710490501,167),(168,'Kazimierz','Młocek','damianfrymus@example.net',860980285,168),(169,'Kajetan','Krochmal','duminnorbert@example.com',529518250,169),(170,'Maurycy','Idzi','apoloniamajewicz@example.net',694261055,170),(171,'Konstanty','Piotrkowicz','jozef09@example.com',803303016,171),(172,'Krystian','Królikiewicz','hbanys@example.org',525989300,172),(173,'Gustaw','Kujda','wojewodzicrafal@example.net',804696431,173),(174,'Konstanty','Pryszcz','kliszcztymon@example.org',667920009,174),(175,'Malwina','Nieścioruk','hubertkopysc@example.org',829127360,175),(176,'Tomasz','Płoskonka','dmakulec@example.net',568588212,176),(177,'Maks','Mleczak','gkasak@example.com',752675044,177),(178,'Natan','Słomian','sonia65@example.com',558507380,178),(179,'Julianna','Kapuścik','albertsankiewicz@example.net',635000187,179),(180,'Anna Maria','Korbut','bruno04@example.org',718720141,180),(181,'Cezary','Sieg','eglonek@example.net',731536492,181),(182,'Cyprian','Job','lkorbel@example.com',891705908,182),(183,'Fryderyk','Wąsiewicz','xpanasiewicz@example.org',837321989,183),(184,'Daniel','Andrearczyk','ingalokietek@example.net',656739732,184),(185,'Tomasz','Szłapa','dariusz68@example.net',687002636,185),(186,'Piotr','Chowaniak','lfurgal@example.com',700241934,186),(187,'Roksana','Janczura','biesaganatan@example.org',874652427,187),(188,'Dorota','Ślęczka','kapuscikjerzy@example.net',589559318,188),(189,'Igor','Bluszcz','lukasz00@example.net',661044081,189),(190,'Miłosz','Igras','nknapek@example.net',821025942,190),(191,'Nela','Merda','qgiza@example.com',752261716,191),(192,'Daniel','Kiełbus','tszmajda@example.com',572498975,192),(193,'Borys','Maćków','piotr86@example.net',738579673,193),(194,'Michał','Bystroń','zwiazektymon@example.com',555691559,194),(195,'Patryk','Dobrosz','wkut@example.net',575874873,195),(196,'Oliwier','Stempin','sonia52@example.com',849203829,196),(197,'Kamila','Andrejczuk','gbabij@example.net',895326100,197),(198,'Cezary','Pera','justynamatla@example.com',687915880,198),(199,'Daniel','Sajda','babolstefan@example.com',822988580,199),(200,'Cyprian','Janc','uslowiak@example.com',632491165,200);
/*!40000 ALTER TABLE `klient` ENABLE KEYS */;
UNLOCK TABLES;
/*!50003 SET @saved_cs_client      = @@character_set_client */ ;
/*!50003 SET @saved_cs_results     = @@character_set_results */ ;
/*!50003 SET @saved_col_connection = @@collation_connection */ ;
/*!50003 SET character_set_client  = utf8mb4 */ ;
/*!50003 SET character_set_results = utf8mb4 */ ;
/*!50003 SET collation_connection  = utf8mb4_0900_ai_ci */ ;
/*!50003 SET @saved_sql_mode       = @@sql_mode */ ;
/*!50003 SET sql_mode              = 'ONLY_FULL_GROUP_BY,STRICT_TRANS_TABLES,NO_ZERO_IN_DATE,NO_ZERO_DATE,ERROR_FOR_DIVISION_BY_ZERO,NO_ENGINE_SUBSTITUTION' */ ;
DELIMITER ;;
/*!50003 CREATE*/ /*!50017 DEFINER=`admin`@`localhost`*/ /*!50003 TRIGGER `sprawdz_telefon_klienta` BEFORE INSERT ON `klient` FOR EACH ROW BEGIN
    IF LENGTH(NEW.numer_telefonu) != 9 THEN
        SIGNAL SQLSTATE '45000'
        SET MESSAGE_TEXT = 'Błąd: Numer telefonu musi składać się z dokładnie 9 cyfr!';
    END IF;
END */;;
DELIMITER ;
/*!50003 SET sql_mode              = @saved_sql_mode */ ;
/*!50003 SET character_set_client  = @saved_cs_client */ ;
/*!50003 SET character_set_results = @saved_cs_results */ ;
/*!50003 SET collation_connection  = @saved_col_connection */ ;

--
-- Table structure for table `konto`
--

DROP TABLE IF EXISTS `konto`;
/*!40101 SET @saved_cs_client     = @@character_set_client */;
/*!50503 SET character_set_client = utf8mb4 */;
CREATE TABLE `konto` (
  `konto_id` int NOT NULL AUTO_INCREMENT,
  `login` varchar(45) NOT NULL,
  `haslo` varchar(45) NOT NULL,
  `data_utworzenia` datetime NOT NULL,
  `ostatnie_logowanie` datetime NOT NULL,
  `adres_id` int NOT NULL,
  PRIMARY KEY (`konto_id`),
  UNIQUE KEY `login_UNIQUE` (`login`),
  UNIQUE KEY `konto_id_UNIQUE` (`konto_id`),
  KEY `fk_konto_adres1_idx` (`adres_id`),
  CONSTRAINT `fk_konto_adres1` FOREIGN KEY (`adres_id`) REFERENCES `adres` (`adres_id`)
) ENGINE=InnoDB AUTO_INCREMENT=201 DEFAULT CHARSET=utf8mb4 COLLATE=utf8mb4_0900_ai_ci;
/*!40101 SET character_set_client = @saved_cs_client */;

--
-- Dumping data for table `konto`
--

LOCK TABLES `konto` WRITE;
/*!40000 ALTER TABLE `konto` DISABLE KEYS */;
INSERT INTO `konto` VALUES (1,'marek31','0r&klNd6OmP4','2026-01-06 09:11:17','2026-05-03 09:53:03',3),(2,'filipbrudny','a+BFj#(c!7Q9','2026-01-03 19:01:44','2026-05-25 01:05:16',92),(3,'katanadariusz','t2x#MneoUsg2','2026-01-03 19:51:48','2026-03-18 11:07:34',73),(4,'bterka','qZx2Jk2l^Pww','2026-01-02 08:28:52','2026-03-26 06:41:44',13),(5,'pajekdominik','mi6Q@GHi_J9%','2026-01-05 00:31:54','2026-04-13 07:13:16',30),(6,'klamkakornelia','3)oxfmP0_zOR','2026-01-01 14:50:29','2026-02-26 23:44:10',1),(7,'emildybal','^AUF7uKy8!#W','2026-01-13 05:20:32','2026-02-28 16:30:46',71),(8,'bejmamichal','OuO5QDyn+z*9','2026-01-05 13:20:44','2026-04-24 09:33:19',11),(9,'grocholaelzbieta','y$QYpEy2c*60','2026-01-11 02:04:02','2026-05-02 05:51:36',44),(10,'fkurzaj','Dq#VaQhMr56q','2026-01-01 13:30:20','2026-05-11 14:53:20',20),(11,'fkomperda','74XtqV#i#Zts','2026-01-07 17:19:34','2026-04-15 15:07:42',73),(12,'rpazdziora','U71Cifjd!ZXV','2026-01-04 10:37:45','2026-01-12 08:02:36',119),(13,'ogorol','4E$7FQj&W#xz','2026-01-10 11:00:26','2026-05-20 14:56:58',117),(14,'widuchfabian','N3yft_sI*IIY','2026-01-08 08:14:54','2026-06-15 07:12:16',67),(15,'wiszowatykornel','OL9Cpu_K&XaT','2026-01-05 10:00:27','2026-02-22 21:40:51',100),(16,'posipowicz','^O2GK+g@$i!D','2026-01-06 04:46:20','2026-03-25 07:41:15',36),(17,'janinazawartka','i#l8FEuIE(Kv','2026-01-10 04:32:25','2026-07-07 16:52:42',35),(18,'angelika98','!d6+MlJyr7^T','2026-01-03 13:11:23','2026-04-30 04:44:57',77),(19,'skurzac','$vYFrHm1$T5Q','2026-01-09 05:36:02','2026-06-12 23:13:19',80),(20,'sonia79','D(DI7IEwJW3W','2026-01-08 12:42:44','2026-02-26 05:08:50',104),(21,'tola44','*vjQKxut5+4H','2026-01-01 18:48:55','2026-04-13 07:27:24',107),(22,'zbroszczykblanka','*L0%dFrL@48g','2026-01-01 16:47:16','2026-06-27 11:13:52',43),(23,'dorobanela','!^T3GJ+d(z1k','2026-01-03 23:11:52','2026-06-28 09:05:14',31),(24,'zasepaaleksander','BuqAVct4%*9_','2026-01-06 21:43:12','2026-04-17 18:40:32',26),(25,'kacperhudzik','*rKMOVf#!&O7','2026-01-12 00:53:15','2026-06-15 09:45:30',81),(26,'nowrotsebastian','%&DuUmP(1kE8','2026-01-12 17:57:56','2026-03-04 03:51:19',27),(27,'arkadiusz55','bqj!wPRW+7E$','2026-01-08 01:52:31','2026-04-15 20:50:49',10),(28,'krystynaduzy','i65NHjWxJA$Q','2026-01-05 12:06:54','2026-05-25 21:50:46',26),(29,'cdukat','*7EBFZbAQUd*','2026-01-10 03:40:55','2026-07-02 22:23:21',17),(30,'emil51','(et@HXPvM5ba','2026-01-09 00:07:58','2026-01-14 18:23:51',105),(31,'jeremi52','yGdyPXmds1!2','2026-01-04 22:06:45','2026-06-13 08:13:28',41),(32,'kuchciakida','jXQ8&D3R#6%3','2026-01-01 14:36:04','2026-04-25 19:20:28',52),(33,'bartochaagnieszka','@7!woQ6D1bII','2026-01-05 21:39:53','2026-05-22 10:58:41',52),(34,'pfijak','da1*a3DwS67C','2026-01-09 14:23:24','2026-05-21 15:32:05',71),(35,'yzysk','F#7MNle(I^45','2026-01-02 16:09:59','2026-01-24 06:55:32',11),(36,'jerzy57','@X79DZl(nJou','2026-01-11 13:06:34','2026-02-15 13:47:42',103),(37,'maks51','mK5W^j5Ehe!B','2026-01-06 14:36:49','2026-04-18 19:17:12',59),(38,'radoslaw15','U*GNFWjiXn!9','2026-01-11 19:50:51','2026-03-03 09:16:32',47),(39,'mieszkozeman','c&kR)Ez9D@25','2026-01-05 14:19:24','2026-03-14 15:25:18',111),(40,'molgacyprian','o_*sZ#nsc6X6','2026-01-10 10:30:58','2026-02-10 04:51:04',92),(41,'leonardzbrzezniak','bBzYkl0b)wQ6','2026-01-09 16:14:44','2026-04-28 03:17:59',4),(42,'maksymilian27','+y7S+(@j3xtE','2026-01-03 05:28:35','2026-06-27 11:16:05',119),(43,'adam41','$sqDU(a5k4Ls','2026-01-13 01:13:57','2026-05-03 18:09:30',117),(44,'wmilcarz','R#k9XrqS_A0Q','2026-01-02 21:35:13','2026-04-25 08:51:25',118),(45,'janinadziewior','5$Es56Oq_%FZ','2026-01-04 08:53:15','2026-05-06 23:42:42',16),(46,'franciszekkuliberda','_pSbC7_oEgx0','2026-01-08 03:47:12','2026-03-25 23:30:25',94),(47,'eskubis','g)J_o+1l&f8#','2026-01-02 16:58:33','2026-02-20 14:40:15',118),(48,'kaszkowiakmaks','m^!msYduRE2v','2026-01-09 06:12:23','2026-02-11 05:20:43',53),(49,'borys32','5Oz6BbbO_iOV','2026-01-12 21:15:34','2026-04-25 09:15:39',117),(50,'faferekkacper','NT(X4CldSb+m','2026-01-07 19:37:17','2026-01-09 09:01:29',106),(51,'yroszkiewicz','Nduh)TbJ_7eJ','2026-01-09 07:28:23','2026-02-10 08:09:50',41),(52,'katanakaja','7U6c482ni$^o','2026-01-03 05:36:17','2026-02-19 04:13:59',52),(53,'nela52','7O#1Lsyj+@p2','2026-01-10 17:03:36','2026-07-04 12:29:54',9),(54,'justynamak','5NgVRONx!!WZ','2026-01-10 16:22:50','2026-05-04 19:58:41',53),(55,'tymonkazek','3!X8sKx2gx)y','2026-01-01 09:50:10','2026-03-22 09:03:08',14),(56,'kmuc','kRhFKVu$K$x2','2026-01-08 02:38:03','2026-02-08 11:11:02',52),(57,'natanieldrozdzik','H%h!kVU7#m3S','2026-01-01 19:29:02','2026-02-05 22:57:21',72),(58,'tadeuszpotok','*IQgqscz1qYa','2026-01-02 21:17:57','2026-01-29 19:48:59',88),(59,'lhyzy','&9W@itWD@1VV','2026-01-04 17:53:32','2026-03-08 09:54:34',94),(60,'sternaantoni','Xu&%5xPz8Ke*','2026-01-07 17:27:01','2026-02-14 08:53:17',11),(61,'ksawerytytko','n$0Er5S^_E$P','2026-01-05 00:36:14','2026-01-06 07:40:06',18),(62,'tadeusz78','0N^I9BRkq$m6','2026-01-03 15:53:07','2026-02-09 02:57:20',30),(63,'aleksanderporwol','6xOipMc7@I5R','2026-01-04 10:35:59','2026-03-11 21:24:57',34),(64,'kalina20','F6*WqZstY&2R','2026-01-07 19:51:01','2026-04-10 19:48:41',34),(65,'wijatabartek','L8@6)GsY()RD','2026-01-10 21:26:03','2026-06-03 03:15:58',88),(66,'leonard75','^4mQYegmb7L%','2026-01-04 18:55:22','2026-03-19 18:52:55',24),(67,'makuratblazej','#IKK&@M%h77l','2026-01-02 09:54:07','2026-05-01 06:22:04',119),(68,'stanislaw64','77zz&Ei7_c)0','2026-01-01 20:23:28','2026-02-15 21:33:22',20),(69,'bzdziuchroza','W6BHsguC^5jq','2026-01-02 15:27:51','2026-05-30 21:40:38',66),(70,'amajos','11Fhp2gnNj*X','2026-01-09 11:02:48','2026-04-01 11:05:25',77),(71,'blankaczak','TsfGiL9di7B(','2026-01-01 19:11:15','2026-03-22 22:26:07',26),(72,'michalczakmarcin','@j1ZHWHr7H2&','2026-01-02 01:40:46','2026-05-19 11:21:59',57),(73,'natanchodak','_6P9QTpsL1a6','2026-01-01 15:23:39','2026-05-29 02:14:05',28),(74,'szlapaaleks',')Q+TnaQ1j5x#','2026-01-10 10:41:00','2026-01-18 08:12:30',32),(75,'xraszkiewicz','L@AY8lVu*7f#','2026-01-06 02:54:20','2026-05-25 18:15:34',107),(76,'adam96','@0jXTrFx(VXU','2026-01-09 04:51:45','2026-06-08 17:42:45',33),(77,'maciejszajek','(9PXN1ecsO34','2026-01-05 14:55:11','2026-03-31 23:50:53',9),(78,'sszczubelek','%QaW1Zwa3wy(','2026-01-09 10:46:25','2026-06-16 20:24:41',89),(79,'monika06','8%4B$wNY9pwk','2026-01-04 03:14:06','2026-02-28 19:38:50',87),(80,'ernest88','5&U#hpfVDUv)','2026-01-11 12:17:42','2026-02-16 15:53:39',26),(81,'mariuszgnyp','j43@GOjQW@A$','2026-01-05 16:46:01','2026-03-21 15:27:16',90),(82,'mieszko38','S%5#mEwZZo%%','2026-01-04 22:56:48','2026-05-13 02:14:20',92),(83,'ewelinabitner','iK6FOxFk9#Cs','2026-01-10 03:11:30','2026-06-07 20:27:12',57),(84,'juliannapotoczek','(!fWzZ8s94Yr','2026-01-07 05:31:19','2026-01-23 02:34:17',19),(85,'dyjakalina','0*7MpBe6Ik6r','2026-01-05 22:57:30','2026-06-02 21:29:30',90),(86,'ikala','(cF0COra@k6I','2026-01-06 12:03:15','2026-06-27 22:40:16',66),(87,'drewnioklukasz','J(9Hc^Jq#G4K','2026-01-01 03:24:44','2026-06-20 17:30:40',112),(88,'kazimierzsierzant','&wHsxX^1!96c','2026-01-03 01:50:22','2026-05-12 19:00:43',49),(89,'eckertnikodem','#1Ne#J0mLE@C','2026-01-09 10:48:58','2026-06-23 02:15:30',63),(90,'wolffdagmara','(5LqGeoCJ_RN','2026-01-05 01:57:03','2026-04-11 12:13:14',15),(91,'maciejmartyka','O7MS6tsA&zzC','2026-01-03 12:16:16','2026-06-20 05:40:45',40),(92,'blazejgniewek','a+S2Bf(e#1QH','2026-01-08 13:54:51','2026-05-23 00:33:32',91),(93,'gstochaj',')A5gFRreL%zL','2026-01-09 07:51:04','2026-02-12 11:45:39',82),(94,'jakub97','#3C1oI*T2#Kq','2026-01-06 06:06:46','2026-04-10 06:26:32',117),(95,'tadeuszparkitna','#7CPYGwjB&pI','2026-01-10 01:06:16','2026-01-15 21:18:27',37),(96,'robertrzaca','+789B6mXms0L','2026-01-13 00:18:02','2026-06-10 08:04:31',27),(97,'czescikstefan',')0ZX!ctO13Y0','2026-01-05 11:29:37','2026-04-07 21:11:50',2),(98,'kowalanataniel','+A8QZbPznRo1','2026-01-12 10:48:18','2026-06-21 21:14:30',80),(99,'skramer','^_9YXv1QuCI1','2026-01-10 08:54:12','2026-02-25 18:56:54',56),(100,'dmagryta',')7d$ubg%Gf8L','2026-01-06 17:29:56','2026-04-20 16:43:24',47),(101,'pwlazlak','UDNapHQtk%43','2026-01-12 12:03:20','2026-05-19 00:12:51',61),(102,'latekmateusz','c0eOBGbE)+cw','2026-01-02 17:18:03','2026-02-04 22:44:36',50),(103,'foremniakbruno','CD+RLXca!5vc','2026-01-12 21:58:05','2026-01-13 09:03:12',44),(104,'tficner','!vb1CUAwp5Gl','2026-01-12 18:51:57','2026-04-15 20:30:02',116),(105,'cabalabruno','%fYgtPU12ojY','2026-01-03 22:50:40','2026-06-22 21:50:37',83),(106,'prochmarek','TN0jIAkcb)*s','2026-01-04 10:42:17','2026-02-23 19:18:13',79),(107,'yobarzanek','!OBB!dtt49LU','2026-01-11 11:12:36','2026-02-05 02:35:38',106),(108,'ducurszula','RmQ7KA+lX!97','2026-01-07 19:24:42','2026-02-14 03:29:15',22),(109,'kuncryszard','4gxRq%bX#6as','2026-01-08 21:22:23','2026-04-04 03:18:46',109),(110,'kamil42','U4jAr+lz%x2q','2026-01-07 06:17:12','2026-01-16 21:28:26',23),(111,'hsupel','wI*1W&Vc4@14','2026-01-12 17:02:07','2026-03-21 04:36:54',84),(112,'alan40','*7@k^sTSxbDX','2026-01-06 20:55:48','2026-06-14 08:31:35',41),(113,'aurelia09','4M3)pX6t3&D2','2026-01-09 22:21:39','2026-03-17 04:23:07',38),(114,'rozaliasarniak','%4N9x3Kdx9sJ','2026-01-09 16:55:10','2026-06-17 20:59:22',100),(115,'fobiala','$xq2IU7ec77A','2026-01-09 23:16:16','2026-06-04 01:36:35',94),(116,'szczapfryderyk','$C(AL3HkIF#w','2026-01-12 11:38:32','2026-01-26 14:14:13',54),(117,'jakubhulboj','s!80BjCW+2@2','2026-01-11 20:00:06','2026-04-08 08:51:50',105),(118,'jcylwik','Yo3RQ+sbp!V_','2026-01-11 18:49:55','2026-04-06 01:29:30',83),(119,'rafalksiezak','%RMgFvHPg55e','2026-01-12 13:45:41','2026-02-07 12:46:07',16),(120,'marcelinaneugebauer','&87YmOl#D@O2','2026-01-04 02:42:21','2026-03-01 22:30:23',17),(121,'zszwalek','C&ZN7Lvv3!fW','2026-01-10 13:18:10','2026-02-02 09:01:05',68),(122,'ernestmilewczyk',')m2MeiRdB4x_','2026-01-04 00:34:20','2026-02-03 13:29:47',41),(123,'kmakkrystian','*5KZYsCu&^fW','2026-01-12 10:17:26','2026-04-04 20:13:43',87),(124,'kcieciora','+m7A7p)+rSEW','2026-01-03 06:46:15','2026-04-05 19:22:17',79),(125,'szymonskupin','$O8sEGTrp^_a','2026-01-08 02:00:20','2026-05-29 04:35:10',39),(126,'nalazekjulianna','9fT79P0r^WiR','2026-01-06 21:25:34','2026-03-02 04:50:29',29),(127,'maurycyfedyk','$@%dXbRWs9WE','2026-01-06 16:50:40','2026-06-22 15:56:15',35),(128,'cogieljakub','uHRD0oOegN%6','2026-01-02 05:10:57','2026-06-25 08:12:00',4),(129,'karol41','h18C#iIC*VM&','2026-01-09 20:46:36','2026-02-17 19:02:47',59),(130,'aurelia81','KlM0Bwma%&%7','2026-01-09 00:16:22','2026-05-11 16:46:45',7),(131,'wieczerzaktadeusz','!ug9roAa+3^X','2026-01-12 01:54:54','2026-04-30 04:46:27',8),(132,'iwanowiwo','Qz2IgsoEh4(d','2026-01-02 08:27:32','2026-06-21 10:27:58',74),(133,'lkuzior','*8SU)y_eV8#6','2026-01-02 18:57:11','2026-05-13 06:28:48',4),(134,'norbert20','$JL25UWe#+hT','2026-01-01 19:36:48','2026-03-24 12:55:11',113),(135,'stefan28','+FA#%Pj(t42K','2026-01-09 20:36:30','2026-05-20 19:12:37',9),(136,'konradsado','4)cKYbW4ul+5','2026-01-11 06:07:41','2026-03-17 15:56:41',62),(137,'rusnakaleks','_ntXKihh9K!X','2026-01-07 01:01:53','2026-02-07 06:36:01',1),(138,'grondagmara','6g_2q0CrCFL1','2026-01-10 03:23:38','2026-06-07 04:46:11',1),(139,'oosik','o8$Hc7Snat#G','2026-01-06 09:55:18','2026-06-11 00:32:43',117),(140,'mielocholgierd','!zpjh7c708Ap','2026-01-11 01:05:30','2026-05-26 04:05:20',18),(141,'korman','R_$@YFWe&o5q','2026-01-02 04:41:37','2026-05-18 07:19:13',14),(142,'bartekwindak','@bAEdbBa49Q(','2026-01-10 11:56:43','2026-06-13 16:54:52',2),(143,'pysznykrystian','@6G9YSAbeDsg','2026-01-04 19:45:43','2026-02-09 19:46:48',109),(144,'oleksiukkamil','@QR8U2+vJcF_','2026-01-03 18:54:10','2026-03-27 10:36:45',106),(145,'witoldstypka','SPg!Z29eY_zj','2026-01-01 00:39:53','2026-02-07 00:27:44',82),(146,'angelika19','F@5NdfHkhq1R','2026-01-04 14:59:22','2026-03-11 14:34:33',2),(147,'gowinmaksymilian','!X9R7Wk!py(Q','2026-01-05 01:46:57','2026-06-21 17:58:46',87),(148,'cyprian47','+V_ew3MwwIew','2026-01-07 20:44:19','2026-04-05 13:06:36',72),(149,'maciejpakos','+rh!T$Mw4o9D','2026-01-08 21:24:05','2026-02-24 01:35:29',33),(150,'filip59','CbX!xu^24gWY','2026-01-07 09:56:38','2026-04-09 06:24:04',71),(151,'andrzej25','+eOJmvCP@2On','2026-01-07 21:25:14','2026-03-07 08:39:13',32),(152,'witoldlabus','cHpzbIOi(94L','2026-01-08 07:10:26','2026-04-16 01:57:27',14),(153,'tnyc','_#1ohD3oUUPK','2026-01-13 08:45:20','2026-04-18 17:24:09',49),(154,'patryk14','(Y92pkhsfLQZ','2026-01-13 12:12:12','2026-05-23 03:18:51',38),(155,'sasssandra','KPI2BCpox0@t','2026-01-01 01:07:20','2026-06-14 23:08:54',49),(156,'mmzyk',')qHEG2HjEk_1','2026-01-05 03:18:31','2026-05-21 22:25:32',50),(157,'cymanmalwina','@n8QkwpIf0RF','2026-01-09 00:14:06','2026-06-20 02:55:52',71),(158,'piksakazimierz','5B5wDbAu#y8O','2026-01-05 19:29:14','2026-03-15 04:34:13',49),(159,'justynazakiewicz','&DCZk0ou+1S_','2026-01-03 00:49:44','2026-04-29 01:24:14',25),(160,'nikodemcierpisz','3h9kNd6!6_sa','2026-01-01 06:35:22','2026-03-25 23:06:28',32),(161,'dyniagustaw','s^_00*Zm1Qsj','2026-01-03 05:34:47','2026-06-15 09:54:10',93),(162,'alex22','jpo0PIiO*VU7','2026-01-10 22:09:05','2026-05-04 10:02:57',82),(163,'daniel16','!6Q5MjqUJbLA','2026-01-11 06:48:26','2026-04-11 01:25:36',57),(164,'marikadziechciarz','Uw2YR^Fk#^EG','2026-01-06 06:18:43','2026-06-29 17:24:52',95),(165,'fpicheta','62XKW_rt!JYt','2026-01-13 00:35:14','2026-06-03 02:23:37',62),(166,'olga02','!60Fhs+dJqNT','2026-01-12 22:32:50','2026-05-02 12:10:11',95),(167,'leonokraska','@MRYtbcc885K','2026-01-06 04:11:13','2026-06-12 15:06:13',75),(168,'jasionekkaja','@MKeBeev754I','2026-01-09 00:56:44','2026-04-30 17:27:13',50),(169,'nurekbartek','jEHIXRJ_)3tw','2026-01-04 21:51:12','2026-02-03 06:16:37',62),(170,'kornelkurzak','Bc_VE4L_Z^q8','2026-01-12 10:32:09','2026-06-24 14:32:55',107),(171,'wwicha','NnS1T3u#*18n','2026-01-12 18:36:56','2026-07-11 12:08:20',13),(172,'dzielke','_0!6X+l^SX^l','2026-01-12 18:46:25','2026-05-07 18:33:18',10),(173,'orzezniczak','fn44HOaA5%!t','2026-01-04 14:13:01','2026-04-04 21:34:13',105),(174,'hubert24','P*e%tnEro^3D','2026-01-10 09:47:07','2026-04-12 10:48:35',70),(175,'blankapabis','myK%^aP_71Br','2026-01-11 09:45:03','2026-01-25 15:56:11',10),(176,'inga97','#zx7AHdLirtG','2026-01-11 09:55:20','2026-07-02 10:23:03',95),(177,'mkanik','ZWB4CDSj**lo','2026-01-08 23:53:31','2026-05-20 00:38:10',53),(178,'pawel79','YBZ81Eb*(5ZE','2026-01-05 05:30:51','2026-07-04 14:58:13',19),(179,'smolkadariusz','1p2_g1ZaWu$b','2026-01-11 09:09:54','2026-06-14 00:48:42',25),(180,'apoloniawiak','O0mYq&MN_d%9','2026-01-06 06:57:37','2026-06-05 13:23:11',48),(181,'adam30','Q3ddKWQr(4$m','2026-01-09 19:57:25','2026-03-21 14:36:15',107),(182,'kalwakdaniel','VZ)h9y4w2!fX','2026-01-03 06:27:03','2026-02-26 23:09:53',1),(183,'kucewicznorbert','&!1QypeFeP^g','2026-01-10 05:54:19','2026-03-19 22:53:13',95),(184,'dydaalex','2k+vyoda@NQd','2026-01-02 11:20:02','2026-06-16 22:18:36',82),(185,'qorpel','m32E5a%z!!$t','2026-01-01 01:07:19','2026-06-16 13:09:55',87),(186,'emilrompa','16$E0mSs@cTO','2026-01-07 21:14:05','2026-02-17 13:23:04',48),(187,'szach','v4LKVt*v+12_','2026-01-04 18:53:50','2026-01-14 11:01:26',63),(188,'bpetryk','G&d^lAyx$(7d','2026-01-10 17:23:03','2026-07-05 07:32:23',93),(189,'jacek81','Afr6PKhxq)Aw','2026-01-08 10:19:31','2026-05-20 10:18:03',72),(190,'dorotaolearczyk','TPl_7Cohzx$!','2026-01-13 03:33:59','2026-03-10 12:01:10',85),(191,'dkozdroj','BS8i^Mne%(6S','2026-01-11 02:30:43','2026-01-31 11:12:35',19),(192,'adaznojek','Mv$Q9zGubSQD','2026-01-01 10:32:33','2026-04-03 23:29:10',21),(193,'robertmusiolik','Q!QDQuAhTg3h','2026-01-04 17:01:48','2026-06-20 08:06:45',18),(194,'prochaleksander','7QI&cD4O!kSB','2026-01-07 19:07:04','2026-03-30 14:47:11',101),(195,'kacpertruchel','+lQ8#sJhcRJw','2026-01-04 07:37:38','2026-03-26 00:20:51',58),(196,'tomasz90','2!0o*ZjopuF8','2026-01-07 07:38:52','2026-07-02 14:07:22',79),(197,'wgnyp','Jm3@+GXd*Aog','2026-01-09 00:57:55','2026-06-08 09:16:42',70),(198,'kamilgrzebyk','(l0L1FVp&UeV','2026-01-01 00:35:46','2026-02-28 20:22:22',50),(199,'julian51','%9$bsr2J#YDc','2026-01-12 06:11:03','2026-05-26 05:58:33',41),(200,'rgarbacik','CUZ!r*He2Muh','2026-01-01 23:28:03','2026-04-24 07:20:19',85);
/*!40000 ALTER TABLE `konto` ENABLE KEYS */;
UNLOCK TABLES;
/*!50003 SET @saved_cs_client      = @@character_set_client */ ;
/*!50003 SET @saved_cs_results     = @@character_set_results */ ;
/*!50003 SET @saved_col_connection = @@collation_connection */ ;
/*!50003 SET character_set_client  = utf8mb4 */ ;
/*!50003 SET character_set_results = utf8mb4 */ ;
/*!50003 SET collation_connection  = utf8mb4_0900_ai_ci */ ;
/*!50003 SET @saved_sql_mode       = @@sql_mode */ ;
/*!50003 SET sql_mode              = 'ONLY_FULL_GROUP_BY,STRICT_TRANS_TABLES,NO_ZERO_IN_DATE,NO_ZERO_DATE,ERROR_FOR_DIVISION_BY_ZERO,NO_ENGINE_SUBSTITUTION' */ ;
DELIMITER ;;
/*!50003 CREATE*/ /*!50017 DEFINER=`admin`@`localhost`*/ /*!50003 TRIGGER `male_litery_login` BEFORE INSERT ON `konto` FOR EACH ROW BEGIN 
SET NEW.login = LOWER(NEW.login); 
END */;;
DELIMITER ;
/*!50003 SET sql_mode              = @saved_sql_mode */ ;
/*!50003 SET character_set_client  = @saved_cs_client */ ;
/*!50003 SET character_set_results = @saved_cs_results */ ;
/*!50003 SET collation_connection  = @saved_col_connection */ ;
/*!50003 SET @saved_cs_client      = @@character_set_client */ ;
/*!50003 SET @saved_cs_results     = @@character_set_results */ ;
/*!50003 SET @saved_col_connection = @@collation_connection */ ;
/*!50003 SET character_set_client  = utf8mb4 */ ;
/*!50003 SET character_set_results = utf8mb4 */ ;
/*!50003 SET collation_connection  = utf8mb4_0900_ai_ci */ ;
/*!50003 SET @saved_sql_mode       = @@sql_mode */ ;
/*!50003 SET sql_mode              = 'ONLY_FULL_GROUP_BY,STRICT_TRANS_TABLES,NO_ZERO_IN_DATE,NO_ZERO_DATE,ERROR_FOR_DIVISION_BY_ZERO,NO_ENGINE_SUBSTITUTION' */ ;
DELIMITER ;;
/*!50003 CREATE*/ /*!50017 DEFINER=`admin`@`localhost`*/ /*!50003 TRIGGER `auto_tworzenie_koszyka` AFTER INSERT ON `konto` FOR EACH ROW BEGIN
    INSERT INTO koszyk (konto_id) 
    VALUES (NEW.konto_id);
END */;;
DELIMITER ;
/*!50003 SET sql_mode              = @saved_sql_mode */ ;
/*!50003 SET character_set_client  = @saved_cs_client */ ;
/*!50003 SET character_set_results = @saved_cs_results */ ;
/*!50003 SET collation_connection  = @saved_col_connection */ ;
/*!50003 SET @saved_cs_client      = @@character_set_client */ ;
/*!50003 SET @saved_cs_results     = @@character_set_results */ ;
/*!50003 SET @saved_col_connection = @@collation_connection */ ;
/*!50003 SET character_set_client  = utf8mb4 */ ;
/*!50003 SET character_set_results = utf8mb4 */ ;
/*!50003 SET collation_connection  = utf8mb4_0900_ai_ci */ ;
/*!50003 SET @saved_sql_mode       = @@sql_mode */ ;
/*!50003 SET sql_mode              = 'ONLY_FULL_GROUP_BY,STRICT_TRANS_TABLES,NO_ZERO_IN_DATE,NO_ZERO_DATE,ERROR_FOR_DIVISION_BY_ZERO,NO_ENGINE_SUBSTITUTION' */ ;
DELIMITER ;;
/*!50003 CREATE*/ /*!50017 DEFINER=`admin`@`localhost`*/ /*!50003 TRIGGER `aktualizuj_aktywnosc_konta` BEFORE UPDATE ON `konto` FOR EACH ROW BEGIN
    SET NEW.ostatnie_logowanie = NOW();
END */;;
DELIMITER ;
/*!50003 SET sql_mode              = @saved_sql_mode */ ;
/*!50003 SET character_set_client  = @saved_cs_client */ ;
/*!50003 SET character_set_results = @saved_cs_results */ ;
/*!50003 SET collation_connection  = @saved_col_connection */ ;

--
-- Table structure for table `koszyk`
--

DROP TABLE IF EXISTS `koszyk`;
/*!40101 SET @saved_cs_client     = @@character_set_client */;
/*!50503 SET character_set_client = utf8mb4 */;
CREATE TABLE `koszyk` (
  `koszyk_id` int NOT NULL AUTO_INCREMENT,
  `konto_id` int NOT NULL,
  PRIMARY KEY (`koszyk_id`),
  UNIQUE KEY `koszyk_id_UNIQUE` (`koszyk_id`),
  KEY `fk_koszyk_konto1_idx` (`konto_id`),
  CONSTRAINT `fk_koszyk_konto1` FOREIGN KEY (`konto_id`) REFERENCES `konto` (`konto_id`)
) ENGINE=InnoDB AUTO_INCREMENT=201 DEFAULT CHARSET=utf8mb4 COLLATE=utf8mb4_0900_ai_ci;
/*!40101 SET character_set_client = @saved_cs_client */;

--
-- Dumping data for table `koszyk`
--

LOCK TABLES `koszyk` WRITE;
/*!40000 ALTER TABLE `koszyk` DISABLE KEYS */;
INSERT INTO `koszyk` VALUES (1,1),(2,2),(3,3),(4,4),(5,5),(6,6),(7,7),(8,8),(9,9),(10,10),(11,11),(12,12),(13,13),(14,14),(15,15),(16,16),(17,17),(18,18),(19,19),(20,20),(21,21),(22,22),(23,23),(24,24),(25,25),(26,26),(27,27),(28,28),(29,29),(30,30),(31,31),(32,32),(33,33),(34,34),(35,35),(36,36),(37,37),(38,38),(39,39),(40,40),(41,41),(42,42),(43,43),(44,44),(45,45),(46,46),(47,47),(48,48),(49,49),(50,50),(51,51),(52,52),(53,53),(54,54),(55,55),(56,56),(57,57),(58,58),(59,59),(60,60),(61,61),(62,62),(63,63),(64,64),(65,65),(66,66),(67,67),(68,68),(69,69),(70,70),(71,71),(72,72),(73,73),(74,74),(75,75),(76,76),(77,77),(78,78),(79,79),(80,80),(81,81),(82,82),(83,83),(84,84),(85,85),(86,86),(87,87),(88,88),(89,89),(90,90),(91,91),(92,92),(93,93),(94,94),(95,95),(96,96),(97,97),(98,98),(99,99),(100,100),(101,101),(102,102),(103,103),(104,104),(105,105),(106,106),(107,107),(108,108),(109,109),(110,110),(111,111),(112,112),(113,113),(114,114),(115,115),(116,116),(117,117),(118,118),(119,119),(120,120),(121,121),(122,122),(123,123),(124,124),(125,125),(126,126),(127,127),(128,128),(129,129),(130,130),(131,131),(132,132),(133,133),(134,134),(135,135),(136,136),(137,137),(138,138),(139,139),(140,140),(141,141),(142,142),(143,143),(144,144),(145,145),(146,146),(147,147),(148,148),(149,149),(150,150),(151,151),(152,152),(153,153),(154,154),(155,155),(156,156),(157,157),(158,158),(159,159),(160,160),(161,161),(162,162),(163,163),(164,164),(165,165),(166,166),(167,167),(168,168),(169,169),(170,170),(171,171),(172,172),(173,173),(174,174),(175,175),(176,176),(177,177),(178,178),(179,179),(180,180),(181,181),(182,182),(183,183),(184,184),(185,185),(186,186),(187,187),(188,188),(189,189),(190,190),(191,191),(192,192),(193,193),(194,194),(195,195),(196,196),(197,197),(198,198),(199,199),(200,200);
/*!40000 ALTER TABLE `koszyk` ENABLE KEYS */;
UNLOCK TABLES;

--
-- Table structure for table `magazyn`
--

DROP TABLE IF EXISTS `magazyn`;
/*!40101 SET @saved_cs_client     = @@character_set_client */;
/*!50503 SET character_set_client = utf8mb4 */;
CREATE TABLE `magazyn` (
  `magazyn_id` int NOT NULL AUTO_INCREMENT,
  PRIMARY KEY (`magazyn_id`)
) ENGINE=InnoDB AUTO_INCREMENT=2 DEFAULT CHARSET=utf8mb4 COLLATE=utf8mb4_0900_ai_ci;
/*!40101 SET character_set_client = @saved_cs_client */;

--
-- Dumping data for table `magazyn`
--

LOCK TABLES `magazyn` WRITE;
/*!40000 ALTER TABLE `magazyn` DISABLE KEYS */;
INSERT INTO `magazyn` VALUES (1);
/*!40000 ALTER TABLE `magazyn` ENABLE KEYS */;
UNLOCK TABLES;

--
-- Table structure for table `miejscowosc`
--

DROP TABLE IF EXISTS `miejscowosc`;
/*!40101 SET @saved_cs_client     = @@character_set_client */;
/*!50503 SET character_set_client = utf8mb4 */;
CREATE TABLE `miejscowosc` (
  `miejscowosc_id` int NOT NULL AUTO_INCREMENT,
  `nazwa` varchar(45) NOT NULL,
  PRIMARY KEY (`miejscowosc_id`)
) ENGINE=InnoDB AUTO_INCREMENT=41 DEFAULT CHARSET=utf8mb4 COLLATE=utf8mb4_0900_ai_ci;
/*!40101 SET character_set_client = @saved_cs_client */;

--
-- Dumping data for table `miejscowosc`
--

LOCK TABLES `miejscowosc` WRITE;
/*!40000 ALTER TABLE `miejscowosc` DISABLE KEYS */;
INSERT INTO `miejscowosc` VALUES (1,'Knurów'),(2,'Kościerzyna'),(3,'Olsztyn'),(4,'Kościan'),(5,'Kościan'),(6,'Bełchatów'),(7,'Piła'),(8,'Świdnik'),(9,'Radom'),(10,'Sopot'),(11,'Nowy Sącz'),(12,'Ciechanów'),(13,'Świebodzice'),(14,'Olsztyn'),(15,'Nowa Ruda'),(16,'Marki'),(17,'Mysłowice'),(18,'Wyszków'),(19,'Jasło'),(20,'Starogard Gdański'),(21,'Toruń'),(22,'Kościan'),(23,'Ostrów Mazowiecka'),(24,'Police'),(25,'Mysłowice'),(26,'Skarżysko-Kamienna'),(27,'Jarocin'),(28,'Poznań'),(29,'Nowy Targ'),(30,'Suwałki'),(31,'Łaziska Górne'),(32,'Marki'),(33,'Koło'),(34,'Grudziądz'),(35,'Ostróda'),(36,'Świdnik'),(37,'Rybnik'),(38,'Białogard'),(39,'Kluczbork'),(40,'Wieluń');
/*!40000 ALTER TABLE `miejscowosc` ENABLE KEYS */;
UNLOCK TABLES;

--
-- Table structure for table `platnosci`
--

DROP TABLE IF EXISTS `platnosci`;
/*!40101 SET @saved_cs_client     = @@character_set_client */;
/*!50503 SET character_set_client = utf8mb4 */;
CREATE TABLE `platnosci` (
  `platnosc_id` int NOT NULL AUTO_INCREMENT,
  `kwota` decimal(5,2) NOT NULL,
  `typ_platnosci` enum('karta','blik','przelew_online','przelew_tradycyjny','paypal','apple_pay','google_pay','za_pobraniem') NOT NULL,
  `data_zaplaty` datetime DEFAULT NULL,
  `zamowienie_id` int NOT NULL,
  PRIMARY KEY (`platnosc_id`),
  KEY `fk_platnosci_zamowienie1_idx` (`zamowienie_id`),
  CONSTRAINT `fk_platnosci_zamowienie1` FOREIGN KEY (`zamowienie_id`) REFERENCES `zamowienie` (`zamowienie_id`)
) ENGINE=InnoDB AUTO_INCREMENT=201 DEFAULT CHARSET=utf8mb4 COLLATE=utf8mb4_0900_ai_ci;
/*!40101 SET character_set_client = @saved_cs_client */;

--
-- Dumping data for table `platnosci`
--

LOCK TABLES `platnosci` WRITE;
/*!40000 ALTER TABLE `platnosci` DISABLE KEYS */;
INSERT INTO `platnosci` VALUES (1,170.68,'przelew_online','2026-05-09 22:59:45',1),(2,629.61,'karta','2026-02-09 02:04:48',2),(3,828.62,'apple_pay','2026-03-15 08:19:58',3),(4,831.87,'paypal','2026-03-12 14:01:47',4),(5,330.70,'apple_pay','2026-04-06 16:44:06',5),(6,686.06,'blik','2026-03-30 02:20:32',6),(7,172.48,'przelew_tradycyjny','2026-02-01 22:49:34',7),(8,34.15,'apple_pay','2026-04-29 09:34:15',8),(9,620.77,'paypal','2026-03-22 08:48:44',9),(10,274.54,'blik','2026-04-03 09:32:23',10),(11,339.13,'google_pay','2026-02-27 10:17:26',11),(12,263.96,'za_pobraniem','2026-02-28 07:37:03',12),(13,74.64,'za_pobraniem','2026-02-02 23:53:59',13),(14,341.97,'google_pay','2026-03-08 08:02:57',14),(15,258.87,'karta','2026-03-23 01:47:53',15),(16,315.12,'google_pay','2026-05-01 13:42:30',16),(17,522.05,'paypal','2026-03-01 03:07:53',17),(18,461.08,'blik','2026-03-20 14:04:54',18),(19,486.72,'blik','2026-02-28 12:45:49',19),(20,320.37,'karta','2026-03-11 10:14:47',20),(21,927.52,'apple_pay','2026-01-18 17:33:40',21),(22,580.20,'paypal','2026-04-27 21:03:02',22),(23,386.46,'przelew_online','2026-06-13 23:44:31',23),(24,325.47,'przelew_tradycyjny','2026-03-13 12:10:46',24),(25,130.29,'blik','2026-06-01 05:49:50',25),(26,520.32,'za_pobraniem','2026-03-14 22:30:09',26),(27,234.02,'karta','2026-02-02 23:16:57',27),(28,368.37,'przelew_online','2026-02-27 03:44:07',28),(29,287.31,'za_pobraniem','2026-02-23 04:28:29',29),(30,93.20,'paypal','2026-05-13 08:56:16',30),(31,56.36,'paypal','2026-01-20 12:24:46',31),(32,414.22,'paypal','2026-01-13 04:32:30',32),(33,552.42,'paypal','2026-06-06 04:06:24',33),(34,670.85,'blik','2026-05-13 23:00:33',34),(35,169.23,'apple_pay','2026-01-11 01:13:16',35),(36,367.26,'paypal','2026-01-31 06:28:04',36),(37,613.76,'karta','2026-01-24 19:56:03',37),(38,632.88,'za_pobraniem','2026-02-02 22:47:03',38),(39,135.36,'karta','2026-02-03 17:02:50',39),(40,159.86,'google_pay','2026-05-25 16:52:39',40),(41,231.60,'blik','2026-04-09 03:30:23',41),(42,821.16,'przelew_online','2026-01-12 09:21:57',42),(43,105.44,'przelew_tradycyjny','2026-01-08 23:24:57',43),(44,250.52,'blik','2026-05-14 00:31:48',44),(45,187.30,'apple_pay','2026-01-28 21:44:33',45),(46,615.85,'google_pay','2026-04-02 23:49:57',46),(47,66.80,'google_pay','2026-03-03 04:44:37',47),(48,160.38,'za_pobraniem','2026-04-08 18:08:38',48),(49,24.20,'karta','2026-05-21 00:31:32',49),(50,190.18,'blik','2026-04-22 08:51:01',50),(51,838.38,'karta','2026-01-12 22:40:29',51),(52,189.63,'przelew_online','2026-02-08 17:13:11',52),(53,158.64,'blik','2026-01-12 00:32:32',53),(54,260.54,'za_pobraniem','2026-01-17 23:23:04',54),(55,416.89,'za_pobraniem','2026-06-21 04:56:38',55),(56,534.19,'apple_pay','2026-01-24 18:43:52',56),(57,140.70,'apple_pay','2026-01-09 04:36:00',57),(58,168.10,'blik','2026-02-18 19:56:20',58),(59,368.74,'przelew_online','2026-02-09 23:07:42',59),(60,843.59,'karta','2026-05-19 10:41:01',60),(61,244.75,'za_pobraniem','2026-03-10 23:10:47',61),(62,427.59,'za_pobraniem','2026-04-14 13:49:30',62),(63,83.25,'przelew_online','2026-03-29 02:50:03',63),(64,101.50,'blik','2026-06-14 00:52:02',64),(65,93.20,'za_pobraniem','2026-02-23 02:41:17',65),(66,522.69,'karta','2026-05-18 04:33:10',66),(67,547.64,'przelew_online','2026-03-24 00:33:34',67),(68,392.80,'google_pay','2026-03-23 20:07:13',68),(69,356.99,'google_pay','2026-03-30 11:12:38',69),(70,756.86,'blik','2026-02-22 18:25:07',70),(71,223.92,'paypal','2026-06-04 16:48:41',71),(72,366.87,'przelew_tradycyjny','2026-03-29 05:37:49',72),(73,286.32,'blik','2026-04-09 07:17:01',73),(74,285.06,'karta','2026-01-24 21:53:44',74),(75,488.94,'google_pay','2026-06-09 09:36:12',75),(76,473.50,'blik','2026-02-03 19:03:36',76),(77,886.66,'google_pay','2026-01-19 15:10:44',77),(78,120.24,'paypal','2026-05-24 05:11:46',78),(79,383.42,'paypal','2026-02-14 04:25:34',79),(80,104.65,'google_pay','2026-03-05 10:32:44',80),(81,358.60,'przelew_tradycyjny','2026-02-01 01:43:04',81),(82,286.68,'przelew_tradycyjny','2026-01-13 01:29:36',82),(83,39.23,'apple_pay','2026-05-28 07:05:19',83),(84,496.96,'blik','2026-05-26 16:57:44',84),(85,119.75,'za_pobraniem','2026-02-18 15:39:00',85),(86,442.46,'przelew_tradycyjny','2026-01-20 17:15:31',86),(87,188.87,'apple_pay','2026-02-11 21:43:55',87),(88,232.36,'za_pobraniem','2026-01-26 14:30:15',88),(89,889.35,'paypal','2026-01-29 09:59:08',89),(90,400.77,'paypal','2026-04-15 00:22:59',90),(91,202.24,'apple_pay','2026-03-11 13:30:21',91),(92,118.76,'apple_pay','2026-01-27 20:17:44',92),(93,373.37,'za_pobraniem','2026-01-27 21:43:25',93),(94,341.37,'karta','2026-03-10 04:07:29',94),(95,326.75,'karta','2026-01-13 07:51:14',95),(96,537.63,'blik','2026-04-05 14:31:58',96),(97,256.01,'apple_pay','2026-02-27 01:37:40',97),(98,157.89,'blik','2026-01-13 13:22:59',98),(99,123.15,'karta','2026-02-08 02:17:20',99),(100,396.57,'apple_pay','2026-02-04 20:12:17',100),(101,393.13,'za_pobraniem','2026-03-25 01:09:16',101),(102,61.50,'apple_pay','2026-03-08 14:55:24',102),(103,513.16,'przelew_tradycyjny','2026-01-16 09:57:43',103),(104,138.94,'przelew_online','2026-04-01 14:01:05',104),(105,239.26,'apple_pay','2026-04-02 00:05:17',105),(106,70.68,'przelew_tradycyjny','2026-01-25 01:30:10',106),(107,227.01,'przelew_tradycyjny','2026-03-13 19:07:41',107),(108,78.46,'przelew_tradycyjny','2026-03-13 13:48:39',108),(109,110.50,'przelew_tradycyjny','2026-03-24 22:50:41',109),(110,69.47,'za_pobraniem','2026-01-25 16:46:49',110),(111,49.00,'przelew_tradycyjny','2026-03-16 10:31:02',111),(112,55.25,'za_pobraniem','2026-02-01 10:09:29',112),(113,249.50,'przelew_online','2026-03-09 11:28:06',113),(114,0.00,'blik',NULL,114),(115,80.46,'za_pobraniem','2026-01-16 19:29:18',115),(116,802.21,'paypal','2026-01-14 09:07:50',116),(117,181.23,'blik','2026-06-13 01:00:25',117),(118,582.58,'przelew_online','2026-04-21 12:32:31',118),(119,147.61,'apple_pay','2026-03-10 20:15:06',119),(120,250.44,'blik','2026-04-15 14:01:35',120),(121,39.48,'google_pay','2026-05-08 09:50:02',121),(122,442.80,'google_pay','2026-03-27 05:36:03',122),(123,34.15,'przelew_online','2026-04-12 05:54:55',123),(124,567.96,'przelew_tradycyjny','2026-01-10 07:15:16',124),(125,0.00,'przelew_tradycyjny',NULL,125),(126,497.55,'apple_pay','2026-03-02 15:32:52',126),(127,74.08,'za_pobraniem','2026-02-05 03:28:38',127),(128,0.00,'paypal',NULL,128),(129,437.52,'apple_pay','2026-04-26 07:50:28',129),(130,96.92,'karta','2026-02-26 16:02:57',130),(131,67.68,'apple_pay','2026-04-13 02:47:40',131),(132,82.42,'przelew_tradycyjny','2026-03-03 01:14:28',132),(133,134.82,'apple_pay','2026-03-25 11:23:01',133),(134,228.16,'przelew_online','2026-03-04 21:56:41',134),(135,112.36,'przelew_online','2026-04-03 15:51:22',135),(136,254.47,'karta','2026-03-23 13:24:32',136),(137,61.50,'blik','2026-01-23 20:28:05',137),(138,89.45,'google_pay','2026-03-10 15:41:35',138),(139,647.36,'przelew_tradycyjny','2026-05-12 14:36:37',139),(140,0.00,'paypal',NULL,140),(141,109.92,'karta','2026-04-19 07:30:07',141),(142,242.52,'przelew_online','2026-02-14 15:47:26',142),(143,659.66,'paypal','2026-04-04 01:36:30',143),(144,0.00,'apple_pay',NULL,144),(145,442.14,'apple_pay','2026-02-17 12:05:30',145),(146,712.52,'paypal','2026-05-26 20:22:29',146),(147,39.48,'za_pobraniem','2026-04-04 22:46:38',147),(148,222.52,'blik','2026-02-10 11:08:37',148),(149,710.29,'przelew_online','2026-02-12 12:49:54',149),(150,310.42,'przelew_tradycyjny','2026-02-11 01:16:40',150),(151,0.00,'google_pay',NULL,151),(152,84.05,'przelew_tradycyjny','2026-01-10 00:59:44',152),(153,0.00,'paypal',NULL,153),(154,0.00,'za_pobraniem',NULL,154),(155,0.00,'za_pobraniem',NULL,155),(156,190.88,'za_pobraniem','2026-02-20 11:25:07',156),(157,125.26,'za_pobraniem','2026-02-21 16:22:35',157),(158,0.00,'paypal',NULL,158),(159,184.86,'przelew_tradycyjny','2026-01-28 01:48:41',159),(160,33.40,'google_pay',NULL,160),(161,105.44,'blik','2026-04-05 06:46:37',161),(162,0.00,'karta',NULL,162),(163,445.13,'apple_pay','2026-02-09 14:45:21',163),(164,95.09,'google_pay',NULL,164),(165,142.19,'paypal','2026-01-23 18:32:56',165),(166,0.00,'paypal',NULL,166),(167,451.99,'przelew_tradycyjny','2026-01-26 03:23:39',167),(168,123.00,'paypal','2026-04-16 06:22:05',168),(169,0.00,'paypal',NULL,169),(170,0.00,'za_pobraniem',NULL,170),(171,0.00,'apple_pay',NULL,171),(172,110.72,'apple_pay','2026-03-25 06:11:28',172),(173,0.00,'apple_pay',NULL,173),(174,0.00,'apple_pay',NULL,174),(175,0.00,'paypal',NULL,175),(176,0.00,'google_pay',NULL,176),(177,478.42,'przelew_tradycyjny','2026-07-01 03:25:42',177),(178,384.84,'google_pay','2026-01-09 01:43:05',178),(179,0.00,'za_pobraniem',NULL,179),(180,335.16,'paypal','2026-06-12 00:39:17',180),(181,0.00,'karta',NULL,181),(182,271.30,'przelew_tradycyjny','2026-01-29 01:34:51',182),(183,61.62,'przelew_online','2026-02-02 17:38:31',183),(184,0.00,'google_pay',NULL,184),(185,0.00,'blik',NULL,185),(186,0.00,'za_pobraniem',NULL,186),(187,205.40,'paypal','2026-05-12 15:29:23',187),(188,472.70,'blik','2026-02-01 22:07:36',188),(189,231.39,'karta',NULL,189),(190,0.00,'apple_pay',NULL,190),(191,0.00,'przelew_online',NULL,191),(192,70.36,'karta','2026-03-27 12:03:53',192),(193,0.00,'blik',NULL,193),(194,197.47,'paypal','2026-01-27 18:55:02',194),(195,205.40,'paypal',NULL,195),(196,0.00,'przelew_online',NULL,196),(197,0.00,'za_pobraniem',NULL,197),(198,57.11,'karta','2026-03-02 12:53:17',198),(199,163.80,'apple_pay','2026-03-13 00:39:22',199),(200,550.22,'apple_pay','2026-06-04 10:50:59',200);
/*!40000 ALTER TABLE `platnosci` ENABLE KEYS */;
UNLOCK TABLES;

--
-- Table structure for table `produkt`
--

DROP TABLE IF EXISTS `produkt`;
/*!40101 SET @saved_cs_client     = @@character_set_client */;
/*!50503 SET character_set_client = utf8mb4 */;
CREATE TABLE `produkt` (
  `produkt_id` int NOT NULL AUTO_INCREMENT,
  `nazwa` varchar(45) NOT NULL,
  `material` enum('bawełna','len','poliester','wełna','wiskoza','skóra','jeans','nylon') NOT NULL,
  `plec` enum('męskie','damskie') NOT NULL,
  `produktcol` varchar(80) DEFAULT NULL,
  PRIMARY KEY (`produkt_id`)
) ENGINE=InnoDB AUTO_INCREMENT=31 DEFAULT CHARSET=utf8mb4 COLLATE=utf8mb4_0900_ai_ci;
/*!40101 SET character_set_client = @saved_cs_client */;

--
-- Dumping data for table `produkt`
--

LOCK TABLES `produkt` WRITE;
/*!40000 ALTER TABLE `produkt` DISABLE KEYS */;
INSERT INTO `produkt` VALUES (1,'Koszulka z krótkim rękawem BASIC','bawełna','męskie',NULL),(2,'Koszulka oversize z nadrukiem','bawełna','damskie',NULL),(3,'Bluza z kapturem CLASSIC','poliester','męskie',NULL),(4,'Bluza bez kaptura SOFT','bawełna','damskie',NULL),(5,'Jeansy slim fit','jeans','męskie',NULL),(6,'Spodnie materiałowe z wysokim stanem','wiskoza','damskie',NULL),(7,'Sukienka letnia MIDI','len','damskie',NULL),(8,'Sukienka wieczorowa ELEGANT','poliester','damskie',NULL),(9,'Koszula lniana z długim rękawem','len','męskie',NULL),(10,'Koszula oversize BASIC','bawełna','damskie',NULL),(11,'Sweter z dekoltem V','wełna','męskie',NULL),(12,'Sweter cienki z golfem','wiskoza','damskie',NULL),(13,'Kurtka przejściowa ZIP','nylon','męskie',NULL),(14,'Kurtka pikowana LIGHT','poliester','damskie',NULL),(15,'Spódnica plisowana MIDI','poliester','damskie',NULL),(16,'Spódnica jeansowa MINI','jeans','damskie',NULL),(17,'Buty sportowe CLASSIC','skóra','męskie',NULL),(18,'Botki na obcasie','skóra','damskie',NULL),(19,'Pasek skórzany BASIC','skóra','męskie',NULL),(20,'Torebka listonoszka','skóra','damskie',NULL),(21,'T-shirt sportowy ACTIVE','poliester','męskie',NULL),(22,'T-shirt dopasowany COTTON','bawełna','damskie',NULL),(23,'Spodnie dresowe COMFORT','bawełna','męskie',NULL),(24,'Legginsy sportowe FLEX','nylon','damskie',NULL),(25,'Kurtka skórzana BIKER','skóra','męskie',NULL),(26,'Kardigan długi SOFT','wełna','damskie',NULL),(27,'Koszula jeansowa CASUAL','jeans','męskie',NULL),(28,'Sukienka koszulowa DAILY','bawełna','damskie',NULL),(29,'Czapka zimowa KNIT','wełna','męskie',NULL),(30,'Szalik oversize WARM','wiskoza','damskie',NULL);
/*!40000 ALTER TABLE `produkt` ENABLE KEYS */;
UNLOCK TABLES;

--
-- Table structure for table `produkt_kategoria`
--

DROP TABLE IF EXISTS `produkt_kategoria`;
/*!40101 SET @saved_cs_client     = @@character_set_client */;
/*!50503 SET character_set_client = utf8mb4 */;
CREATE TABLE `produkt_kategoria` (
  `produkt_id` int NOT NULL,
  `kategoria_id` int NOT NULL,
  PRIMARY KEY (`produkt_id`,`kategoria_id`),
  KEY `fk_produkt_has_kategoria_kategoria1_idx` (`kategoria_id`),
  KEY `fk_produkt_has_kategoria_produkt1_idx` (`produkt_id`),
  CONSTRAINT `fk_produkt_has_kategoria_kategoria1` FOREIGN KEY (`kategoria_id`) REFERENCES `kategoria` (`kategoria_id`),
  CONSTRAINT `fk_produkt_has_kategoria_produkt1` FOREIGN KEY (`produkt_id`) REFERENCES `produkt` (`produkt_id`)
) ENGINE=InnoDB DEFAULT CHARSET=utf8mb4 COLLATE=utf8mb4_0900_ai_ci;
/*!40101 SET character_set_client = @saved_cs_client */;

--
-- Dumping data for table `produkt_kategoria`
--

LOCK TABLES `produkt_kategoria` WRITE;
/*!40000 ALTER TABLE `produkt_kategoria` DISABLE KEYS */;
INSERT INTO `produkt_kategoria` VALUES (13,1),(14,1),(25,1),(3,2),(4,2),(1,3),(2,3),(21,3),(22,3),(5,4),(6,4),(23,4),(24,4),(7,5),(8,5),(28,5),(9,6),(10,6),(27,6),(11,7),(12,7),(26,7),(17,8),(18,8),(19,9),(20,9),(29,9),(30,9),(15,10),(16,10);
/*!40000 ALTER TABLE `produkt_kategoria` ENABLE KEYS */;
UNLOCK TABLES;

--
-- Temporary view structure for view `v_analiza_calej_sprzedazy`
--

DROP TABLE IF EXISTS `v_analiza_calej_sprzedazy`;
/*!50001 DROP VIEW IF EXISTS `v_analiza_calej_sprzedazy`*/;
SET @saved_cs_client     = @@character_set_client;
/*!50503 SET character_set_client = utf8mb4 */;
/*!50001 CREATE VIEW `v_analiza_calej_sprzedazy` AS SELECT 
 1 AS `produkt_id`,
 1 AS `nazwa`,
 1 AS `liczba_sprzedanych`*/;
SET character_set_client = @saved_cs_client;

--
-- Temporary view structure for view `v_kategoria_dostepne_wariant_ilosc`
--

DROP TABLE IF EXISTS `v_kategoria_dostepne_wariant_ilosc`;
/*!50001 DROP VIEW IF EXISTS `v_kategoria_dostepne_wariant_ilosc`*/;
SET @saved_cs_client     = @@character_set_client;
/*!50503 SET character_set_client = utf8mb4 */;
/*!50001 CREATE VIEW `v_kategoria_dostepne_wariant_ilosc` AS SELECT 
 1 AS `kategoria_id`,
 1 AS `nazwa`,
 1 AS `ilosc_egzemplarzy`*/;
SET character_set_client = @saved_cs_client;

--
-- Temporary view structure for view `v_klienci_z_conajmniej_1_zamowieniem`
--

DROP TABLE IF EXISTS `v_klienci_z_conajmniej_1_zamowieniem`;
/*!50001 DROP VIEW IF EXISTS `v_klienci_z_conajmniej_1_zamowieniem`*/;
SET @saved_cs_client     = @@character_set_client;
/*!50503 SET character_set_client = utf8mb4 */;
/*!50001 CREATE VIEW `v_klienci_z_conajmniej_1_zamowieniem` AS SELECT 
 1 AS `konto_id`,
 1 AS `login`,
 1 AS `imie`,
 1 AS `nazwisko`,
 1 AS `email`,
 1 AS `numer_telefonu`,
 1 AS `wojewodztwo`,
 1 AS `adres_ulicy`,
 1 AS `kod_pocztowy`*/;
SET character_set_client = @saved_cs_client;

--
-- Temporary view structure for view `v_klienci_z_wydatkami_powyzej_sredniej`
--

DROP TABLE IF EXISTS `v_klienci_z_wydatkami_powyzej_sredniej`;
/*!50001 DROP VIEW IF EXISTS `v_klienci_z_wydatkami_powyzej_sredniej`*/;
SET @saved_cs_client     = @@character_set_client;
/*!50503 SET character_set_client = utf8mb4 */;
/*!50001 CREATE VIEW `v_klienci_z_wydatkami_powyzej_sredniej` AS SELECT 
 1 AS `klient_id`,
 1 AS `imie`,
 1 AS `nazwisko`,
 1 AS `email`,
 1 AS `suma_wydatkow`*/;
SET character_set_client = @saved_cs_client;

--
-- Temporary view structure for view `v_kliencie_online_7_dni_i_produkt_w_koszyku`
--

DROP TABLE IF EXISTS `v_kliencie_online_7_dni_i_produkt_w_koszyku`;
/*!50001 DROP VIEW IF EXISTS `v_kliencie_online_7_dni_i_produkt_w_koszyku`*/;
SET @saved_cs_client     = @@character_set_client;
/*!50503 SET character_set_client = utf8mb4 */;
/*!50001 CREATE VIEW `v_kliencie_online_7_dni_i_produkt_w_koszyku` AS SELECT 
 1 AS `konto_id`,
 1 AS `login`,
 1 AS `imie`,
 1 AS `nazwisko`,
 1 AS `email`,
 1 AS `numer_telefonu`,
 1 AS `koszyk_id`,
 1 AS `ostatnie_logowanie`*/;
SET character_set_client = @saved_cs_client;

--
-- Temporary view structure for view `v_produkt_wariant_o_cenie_wiekszej_od_sredniej_ceny_calosci`
--

DROP TABLE IF EXISTS `v_produkt_wariant_o_cenie_wiekszej_od_sredniej_ceny_calosci`;
/*!50001 DROP VIEW IF EXISTS `v_produkt_wariant_o_cenie_wiekszej_od_sredniej_ceny_calosci`*/;
SET @saved_cs_client     = @@character_set_client;
/*!50503 SET character_set_client = utf8mb4 */;
/*!50001 CREATE VIEW `v_produkt_wariant_o_cenie_wiekszej_od_sredniej_ceny_calosci` AS SELECT 
 1 AS `produkt_id`,
 1 AS `nazwa`,
 1 AS `material`,
 1 AS `plec`,
 1 AS `wariant_id`,
 1 AS `kolor`,
 1 AS `cena`,
 1 AS `opis`,
 1 AS `rozmiar`*/;
SET character_set_client = @saved_cs_client;

--
-- Temporary view structure for view `v_produkty_ilosc`
--

DROP TABLE IF EXISTS `v_produkty_ilosc`;
/*!50001 DROP VIEW IF EXISTS `v_produkty_ilosc`*/;
SET @saved_cs_client     = @@character_set_client;
/*!50503 SET character_set_client = utf8mb4 */;
/*!50001 CREATE VIEW `v_produkty_ilosc` AS SELECT 
 1 AS `produkt_id`,
 1 AS `nazwa`,
 1 AS `plec`,
 1 AS `ilość_na_stanie`*/;
SET character_set_client = @saved_cs_client;

--
-- Temporary view structure for view `v_top_10_produkt_wariant_tego_miesiaca`
--

DROP TABLE IF EXISTS `v_top_10_produkt_wariant_tego_miesiaca`;
/*!50001 DROP VIEW IF EXISTS `v_top_10_produkt_wariant_tego_miesiaca`*/;
SET @saved_cs_client     = @@character_set_client;
/*!50503 SET character_set_client = utf8mb4 */;
/*!50001 CREATE VIEW `v_top_10_produkt_wariant_tego_miesiaca` AS SELECT 
 1 AS `produkt_id`,
 1 AS `nazwa`,
 1 AS `kolor`,
 1 AS `rozmiar`,
 1 AS `sprzedane_sztuki`*/;
SET character_set_client = @saved_cs_client;

--
-- Temporary view structure for view `v_top_klienci_2m`
--

DROP TABLE IF EXISTS `v_top_klienci_2m`;
/*!50001 DROP VIEW IF EXISTS `v_top_klienci_2m`*/;
SET @saved_cs_client     = @@character_set_client;
/*!50503 SET character_set_client = utf8mb4 */;
/*!50001 CREATE VIEW `v_top_klienci_2m` AS SELECT 
 1 AS `konto_id`,
 1 AS `login`,
 1 AS `imie`,
 1 AS `nazwisko`,
 1 AS `email`,
 1 AS `numer_telefonu`,
 1 AS `wojewodztwo`,
 1 AS `adres_ulicy`,
 1 AS `kod_pocztowy`,
 1 AS `liczba_kupionych`*/;
SET character_set_client = @saved_cs_client;

--
-- Temporary view structure for view `v_zwroty_do_rozpatrzenia`
--

DROP TABLE IF EXISTS `v_zwroty_do_rozpatrzenia`;
/*!50001 DROP VIEW IF EXISTS `v_zwroty_do_rozpatrzenia`*/;
SET @saved_cs_client     = @@character_set_client;
/*!50503 SET character_set_client = utf8mb4 */;
/*!50001 CREATE VIEW `v_zwroty_do_rozpatrzenia` AS SELECT 
 1 AS `zwrot_id`,
 1 AS `status_zwrotu`,
 1 AS `powod_zwrotu`,
 1 AS `kolor`,
 1 AS `rozmiar`,
 1 AS `nazwa`,
 1 AS `plec`,
 1 AS `egzemplarz_id`*/;
SET character_set_client = @saved_cs_client;

--
-- Table structure for table `wariant`
--

DROP TABLE IF EXISTS `wariant`;
/*!40101 SET @saved_cs_client     = @@character_set_client */;
/*!50503 SET character_set_client = utf8mb4 */;
CREATE TABLE `wariant` (
  `wariant_id` int NOT NULL AUTO_INCREMENT,
  `kolor` varchar(45) NOT NULL,
  `cena` float NOT NULL,
  `opis` varchar(500) NOT NULL,
  `rozmiar` enum('XXS','XS','S','M','L','XL','XXL') NOT NULL,
  `produkt_id` int NOT NULL,
  PRIMARY KEY (`wariant_id`),
  KEY `fk_wariant_produkt1_idx` (`produkt_id`),
  CONSTRAINT `fk_wariant_produkt1` FOREIGN KEY (`produkt_id`) REFERENCES `produkt` (`produkt_id`)
) ENGINE=InnoDB AUTO_INCREMENT=103 DEFAULT CHARSET=utf8mb4 COLLATE=utf8mb4_0900_ai_ci;
/*!40101 SET character_set_client = @saved_cs_client */;

--
-- Dumping data for table `wariant`
--

LOCK TABLES `wariant` WRITE;
/*!40000 ALTER TABLE `wariant` DISABLE KEYS */;
INSERT INTO `wariant` VALUES (1,'granatowy',89.45,'Składnik metal kolano narząd piętnaście u mi 60 ci trzydziesty wyłącznie w. wysoki oraz skończyć.','S',1),(2,'czarny',37.04,'Coraz Ziemia nowy się działać zajęcie droga słowo wiele pełnić trzydzieści w gardło piękny ryzyko ojczyzna.','M',1),(3,'szary',39.23,'Pomarańcza obowiązywać koniec gniew gniazdo powiat wilk kwestia butelka znać korona razem.','XXS',2),(4,'czarny',69.47,'Przyjaciel surowy gra płaszcz wydać sen dach osoba za pomocą kolej mięsień prędkość oś natura szybki.','S',2),(5,'szary',130.27,'Wejść zgodny obcy klasztor powietrze nadzieja budzić nikt.','XXL',3),(6,'beżowy',72.03,'Zobaczyć pytanie silnik wzór głos przejście letni tajemnica.','XL',3),(7,'czerwony',53,'Rzeczownik średniowieczny oraz konflikt numer uczyć się według.','XL',3),(8,'zielony',52.08,'Kurs połowa każdy wybierać zasada czasownik zaufanie pod kartka Warszawa.','XL',3),(9,'biały',121.26,'Wojskowy sztuczny czuć pisać amerykański tkanina prędkość lotniczy skóra kto Ziemia istnieć.','L',4),(10,'beżowy',61.62,'Mierzyć błąd stawać się znajdować wprowadzać tani zgromadzenie typ zewnętrzny zainteresowanie Morze Śródziemne zaś zamknąć.','XS',4),(11,'beżowy',121.02,'Opowiadać na przykład r. okres odcień szyja cienki żaden przeciwko kula potrawa składać krzyż wiedzieć.','XXS',5),(12,'beżowy',60.41,'Zdrowie pragnienie dokonywać chęć napój wszelki zysk - wyjście sto w czasie.','S',5),(13,'zielony',38.36,'Litwa jabłko życie Warszawa zabawka mocny wtorek strach łódź wschodni traktować młody.','L',5),(14,'czerwony',83.82,'Zamknąć gęś instytucja stosować substancja scena bawić się obok rodowity stanowić włos.','XS',6),(15,'brązowy',24.5,'Funkcja uczyć temu pociąg krok palić część przejście ! wy model większość.','XL',6),(16,'brązowy',124.28,'Szkło natychmiast flaga więcej śmierć wrogi bieda.','S',7),(17,'beżowy',113.99,'Luty specjalista zwykły widoczny wtorek nocny lud znajdować się zapalenie piosenka wspólny dostać pijany.','M',7),(18,'biały',140.7,'Gatunek pięćdziesiąt powiat sto gotowy według słowacki miejscowość brązowy błąd wygrać królewski tył dawać.','L',7),(19,'czarny',142.53,'Wizyta literatura prostytutka kij lista sześć pracować pojemnik robota Kościół pacjent park noga chęć.','XXL',7),(20,'zielony',95.44,'Smutny głównie Jan historia złoto wydarzenie postawić Kościół szczególny wybuch sok kuchnia zmienić domowy wziąć my.','S',7),(21,'brązowy',49.42,'Pijany broda ale port umrzeć USA strach.','XL',8),(22,'czerwony',84.05,'Pozycja rynek świeca obserwować powstawać cisza północ dawny sprzęt opinia życie grać.','XL',8),(23,'biały',72.15,'Śmiać Się Włochy właściwość czyjś przeciwny zegar odpowiadać ciemny szukać.','XXS',9),(24,'granatowy',135.65,'Połączenie wrócić wyścig student w końcu przygotować 2 żydowski zaburzenie przynosić śnieg lotnisko.','L',9),(25,'zielony',44.46,'Popularny otworzyć amharski inaczej szczególnie ważny Słońce czy dokument noga dziewięćdziesiąt muzyczny przemysł początek.','S',10),(26,'szary',147.61,'Armia aż Indie dokładny spotkać bezpieczeństwo hotel punkt kolano krok zegar ciepło pieniądze przejaw przychodzić społeczeństwo.','XL',10),(27,'beżowy',61.5,'Znajdować Się przebywać ubranie kierować prywatny miękki szkło już wróg.','S',10),(28,'czarny',74.64,'Babka kobiecy królewski międzynarodowy ci przyjaciel tył członek ofiara południowy tył.','L',10),(29,'granatowy',24.2,'Głos lud ci ilość majuskuła rok symbol sport na zewnątrz ciężki stan.','XL',11),(30,'czerwony',56.41,'Pieniądz gałąź kurs projekt ogół istnieć znajdować.','XL',11),(31,'czerwony',56.36,'Figura strona kurs wysoko ozdobny pszczoła Anglia wybory kosztować odcinek dolina Niemiec smutny między zakład jajko.','XXS',12),(32,'biały',28.77,'Jasny bitwa większość zwycięstwo wszystko władza urząd drużyna.','XXL',12),(33,'beżowy',97.33,'Ilość bycie dostęp pożar typowy dach czeski papieros.','XL',12),(34,'beżowy',123.15,'Papież ciągle wejście zysk ozdoba korzeń naprawdę strata rano.','M',12),(35,'beżowy',102.6,'Zwykły tu 40 stosować dodać królestwo oni naukowy organizacja czasownik.','XL',13),(36,'zielony',59,'Większość jeździć policjant biec również natura rozwiązanie dwa okropny dość korzeń czysty wielki alkohol sztuka Włochy.','XXS',13),(37,'szary',93.65,'Kolej graniczyć wczesny piętnaście obóz 3 nazywać banknot cukier lub.','XXS',13),(38,'czerwony',95.77,'Warunek przedstawiciel - myśleć niektóry sieć ci jak umrzeć opuścić zawodnik herb wolny tyle rower.','XXS',13),(39,'beżowy',102.09,'Początek graniczyć dorosły blady miękki wszystkie jednocześnie wrócić — złoty.','S',14),(40,'czerwony',107.42,'Prowincja teatr poniedziałek ze wiosna dodatkowy płyn 70 już przyjmować.','XL',14),(41,'szary',112.4,'Potrzeba pierś przed mgła ciąża wyrób zakończenie.','S',14),(42,'brązowy',32.58,'Temu wszyscy niech szyja ziemia pokarm bać się oraz różowy źle fala źródło wieczorem.','XS',15),(43,'brązowy',85.34,'Społeczny centralny poeta mistrz kanał pogląd nawet kość wiedzieć lotniczy do użyć około.','XXL',15),(44,'granatowy',59.38,'Deska rzecz żywność Ziemia dźwięk okno połączyć ale stary słuchać opłata firma piwo wzór.','XXL',15),(45,'czerwony',67.41,'Zwykle sam anioł łódź wódka sen umrzeć krzew zatoka prezydent.','XL',15),(46,'czarny',142.12,'Organizm nauczyciel strumień jedyny wieś Unia Europejska ci gdzie dużo wioska więc pytać sygnał.','M',16),(47,'granatowy',119.75,'Nauczyciel akt doprowadzić nasz lub rezultat moc graniczyć artykuł święto rozmiar niewolnik.','XS',16),(48,'beżowy',43.43,'Ubogi wydarzenie silny urzędnik cześć umieć zdanie rząd stanowić niech spokój.','L',16),(49,'czerwony',57.11,'Odcinek lekcja pierś gospodarka kara gotować pole serce kolumna umieścić wolny korzyść toponim wykonywanie poprzedni.','M',16),(50,'czarny',51.76,'Samica rower wyjść przez praktyka dziesięć różnica korona mężczyzna źle.','L',16),(51,'biały',97.7,'Czechy włoski seksualny padać ojciec Niemiec obywatelka służba gorączka pożar ślub król.','XXL',17),(52,'szary',75.94,'Odczuwać inny łatwo oglądać wieczorem rodzina polityczny mój królewski lot budowla wybory badanie no.','XS',17),(53,'beżowy',83.25,'Niebo źródło wada przyjąć morski zajmować zmieniać widoczny pani czynić Afryka północny.','XL',17),(54,'brązowy',120.24,'Łódź cały leżeć zakon właściwość związek panna wychodzić ośrodek ucho wieża przedstawiać.','L',17),(55,'czarny',62.01,'Luty dać ta dalej Warszawa pas widzieć późno wzrost rzadko nieprzyjemny oko otwór.','XXS',18),(56,'zielony',125.26,'Lotnisko praca szanowny dno zniszczyć dolny cały wypadek spodnie wola herbata zmieniać sobota skrzydło zmienić.','L',18),(57,'granatowy',119.23,'Przedmiot naturalny wybierać nasz pod wschód pasmo jedynie.','XXS',18),(58,'beżowy',54.96,'Biały chyba np. słaby nowy fizyczny w celu.','L',18),(59,'czerwony',103.91,'Równy spadek sukces długi orzeł urodzić obowiązywać planeta termin narodowość wschód.','S',19),(60,'brązowy',112.44,'Spadać zadanie od wyrażać kraj wrogość dłoń nikt czy nazywać nauczycielka mysz bycie nic.','S',19),(61,'granatowy',67.68,'Wiadomość trochę więcej zmieniać ani dym źle umieścić bronić.','XXL',19),(62,'biały',110.72,'Urządzenie wykonanie teoria sos model szkodliwy przykład rodzaj łódź miasto.','XXL',19),(63,'czarny',122.76,'Rodzaj składać się na przykład cały udać się atak poprzez ojczyzna wola sprzęt pomiędzy marka.','XXS',20),(64,'czerwony',79.93,'Punkt funkcja itp. spokojny sól polityka by zabawa zamknąć warstwa zachowanie otwór jajko niebezpieczny.','XS',20),(65,'beżowy',102.7,'Stworzyć głos mój Morze Śródziemne ziemski pozostać lot pół dodatkowy lotniczy muzyk oznaczać.','M',20),(66,'czerwony',125.22,'Umożliwiać czuć twój urzędnik wątpliwość papież niebo finansowy palec możliwy daleki.','XS',20),(67,'czarny',79.84,'0 znajdować się książę poprzedni według bliski srebro.','M',21),(68,'biały',41.21,'Wysyłać doświadczenie córka gęsty współczesny każdy ta.','XXS',21),(69,'czerwony',63.78,'Obecny oni gość palić pojemnik sposób przed umożliwiać kalendarz gra my gotowy myśleć majuskuła wyrok ziemniak.','S',21),(70,'biały',54.12,'Zeszły płyta płaski lekcja zaufanie obecnie palec obowiązywać stary majątek oczywiście ryzyko dane.','S',21),(71,'brązowy',23.11,'Sprawa róg w celu naturalny norma uzyskać kolumna miłość przyjęcie rzecz.','XXL',21),(72,'szary',93.2,'Ciekawy pierwszy procent 70 sprzedawać czterdzieści tu czysty wiele nigdy składnik cienki dziwny wykonać często.','XXL',22),(73,'szary',33.4,'Toponim pełen kąt zamieszkiwać bajka wrzesień spotkanie wszystek zajmować się kuchnia stały urząd siedzieć czwartek.','M',22),(74,'czarny',146,'Przyjść miasto bogini rosyjski aktywny obiekt dziki słowo miejski nazwisko.','L',23),(75,'biały',137.33,'Rynek powietrze ciekawy jeśli skład nóż relacja kolorowy wytwarzać ludzie polegać.','XL',23),(76,'zielony',22.92,'Walczyć kościelny pierwiastek sprzęt 30 zniszczyć banknot.','XXS',23),(77,'czerwony',55.25,'Zwrot bitwa los kupić chemiczny bo Słońce włosy silnik.','XS',24),(78,'granatowy',106.09,'- noga pustynia srebro kura móc utwór ojczyzna żołnierz igła Kościół - złodziej komputerowy użycie warunek.','XXL',24),(79,'biały',86.19,'Pływać dwudziesty psychiczny dodatkowy wytwarzać ponad pojedynczy we prosty ciągnąć wypowiedź.','S',24),(80,'szary',139.44,'Czarny sąd Polska tablica żyć odległość 4 konstrukcja sieć zająć większość strój organ nastrój motyl jako.','S',25),(81,'czerwony',80.19,'Niemiecki kosz instrument umożliwiać łagodny pełnić wieczór czyjś długo chcieć krowa zazwyczaj dopływ zrozumieć.','L',25),(82,'zielony',47.27,'Długo jezioro śniadanie natychmiast kolano blady rodzina hotel obywatelka miły stowarzyszenie stawać się wakacje pomóc opłata.','XXL',25),(83,'biały',105.44,'Przecież żeński rzadki dlatego tłuszcz Litwa but składać siedziba.','XS',25),(84,'brązowy',54.6,'Wielki poczta bieda coś 70 akcja lata prowincja tył.','L',26),(85,'zielony',80.19,'Niemcy gwałtowny gniew nazwa obrót czyn rzeka piwo Jezus brzeg śmiać się religijny pić szyja.','XXL',26),(86,'czerwony',79.32,'Japoński mąka port położyć głupiec ból lot głęboki rozmiar pogląd złoty wywoływać tor człowiek znosić.','S',27),(87,'czarny',136.77,'Wydawać Się dach otworzyć szlachetny 100 inny go ziemniak błąd mieszkanie brudny zamieszkiwać silnik bułgarski.','XXL',27),(88,'brązowy',35.18,'Lis świadczyć piec powieść stosować wodny niektóry amharski kultura dno drugi.','M',27),(89,'beżowy',134.75,'Klasztor przynieść posiadać Anglia ile jeden późny adres relacja musieć pozycja.','XL',28),(90,'granatowy',136.65,'Żydowski staw zysk naukowy pierś broń ptak.','M',28),(91,'czerwony',95.09,'Znaczyć biedny r. niedźwiedź wolny Indie koń wschodni przedstawiciel śmiech górny.','XS',28),(92,'granatowy',57.32,'Ludzie pogląd tablica w formie fragment liczba atomowa właściwość pracownik.','S',28),(93,'czerwony',48.2,'Doskonały gwałtowny spadek czynnik autor tekst wspólny.','XS',29),(94,'beżowy',70.68,'Martwy choć kolejowy wtorek proszę zadanie dokonywać decyzja zbiornik ślad Piotr przez określony symbol wkrótce wydawać się.','M',29),(95,'zielony',34.15,'Futro samica południowy powiat stado zacząć maj klimat nad płaszcz płeć członek.','XXS',29),(96,'biały',131.98,'Przyczyna różny czyn kieszeń kamień wreszcie zajmować się kawa muzyk ze przyszły całkowicie ono smutny wskazywać zmienić.','L',29),(97,'czerwony',87.41,'Tracić sprzedawać istnienie skała wybuch ciąża język głód konstrukcja w ciągu dowód polegać gorączka papież arabski składać się.','XXS',29),(98,'szary',39.48,'Węgiel oczywiście dolina przypadek kraj dawno motyl strumień szczyt leżeć.','XL',30),(99,'czarny',118.61,'Jezus już adres typ urodzić się strata pisać widoczny.','XL',30),(100,'zielony',71.01,'Kontynent krótki tył piątek wróg wiele stanowić wskazywać wyrób dokładny.','XXS',30),(101,'beżowy',48.46,'Jutro ostatni wszyscy we umiejętność zachowanie grzech postać wybór babcia bardzo podnieść długość.','M',30),(102,'brązowy',104.65,'Pisać miejscowość mowa dawny cukier komputer odzież przemysł już.','XS',30);
/*!40000 ALTER TABLE `wariant` ENABLE KEYS */;
UNLOCK TABLES;

--
-- Table structure for table `wariant_koszyk`
--

DROP TABLE IF EXISTS `wariant_koszyk`;
/*!40101 SET @saved_cs_client     = @@character_set_client */;
/*!50503 SET character_set_client = utf8mb4 */;
CREATE TABLE `wariant_koszyk` (
  `koszyk_id` int NOT NULL,
  `wariant_id` int NOT NULL,
  `ilosc` int DEFAULT NULL,
  PRIMARY KEY (`koszyk_id`,`wariant_id`),
  KEY `fk_wariant_koszyk_koszyk1_idx` (`koszyk_id`),
  KEY `fk_wariant_koszyk_wariant1_idx` (`wariant_id`),
  CONSTRAINT `fk_wariant_koszyk_koszyk1` FOREIGN KEY (`koszyk_id`) REFERENCES `koszyk` (`koszyk_id`),
  CONSTRAINT `fk_wariant_koszyk_wariant1` FOREIGN KEY (`wariant_id`) REFERENCES `wariant` (`wariant_id`)
) ENGINE=InnoDB DEFAULT CHARSET=utf8mb4 COLLATE=utf8mb4_0900_ai_ci;
/*!40101 SET character_set_client = @saved_cs_client */;

--
-- Dumping data for table `wariant_koszyk`
--

LOCK TABLES `wariant_koszyk` WRITE;
/*!40000 ALTER TABLE `wariant_koszyk` DISABLE KEYS */;
INSERT INTO `wariant_koszyk` VALUES (1,46,3),(3,2,2),(3,34,3),(3,58,3),(3,66,2),(4,3,2),(4,14,1),(4,73,2),(4,76,2),(5,44,2),(5,45,2),(6,12,2),(6,27,1),(6,62,3),(6,90,2),(6,101,1),(7,17,1),(8,3,1),(8,29,2),(8,35,1),(9,67,1),(9,100,3),(10,22,3),(10,85,3),(10,86,2),(11,55,3),(12,56,3),(12,88,2),(12,95,3),(13,11,2),(13,35,1),(13,46,3),(13,50,3),(13,63,3),(14,11,3),(14,12,2),(14,33,1),(14,46,1),(14,86,2),(15,1,2),(15,19,2),(15,51,1),(16,33,1),(16,40,3),(16,70,2),(16,92,3),(17,5,1),(17,12,1),(17,13,1),(17,77,3),(18,30,2),(18,63,2),(19,62,1),(20,20,3),(20,48,1),(20,92,1),(22,33,2),(22,39,3),(22,49,2),(22,93,2),(23,9,2),(24,71,3),(24,88,1),(25,6,1),(25,101,3),(26,23,2),(26,49,2),(26,77,3),(26,80,2),(26,90,2),(27,39,2),(27,60,1),(27,69,2),(27,94,3),(28,34,1),(28,40,1),(28,56,1),(28,93,1),(28,96,2),(29,3,3),(31,24,3),(31,50,3),(32,38,2),(32,53,1),(32,54,1),(32,79,2),(32,91,1),(33,29,3),(33,32,3),(33,49,2),(34,42,1),(34,62,3),(34,63,3),(34,80,2),(35,5,1),(35,91,3),(36,11,2),(36,21,3),(36,42,3),(36,97,3),(36,99,1),(37,23,3),(37,56,1),(37,66,3),(38,42,1),(38,47,1),(39,27,2),(39,78,2),(40,17,1),(40,58,2),(40,71,1),(40,83,1),(40,86,3),(41,3,3),(41,61,3),(41,63,1),(42,31,2),(43,49,1),(43,53,2),(43,82,1),(43,94,1),(44,60,3),(45,48,2),(45,56,1),(45,65,1),(45,73,1),(45,96,1),(46,25,1),(46,38,1),(47,20,1),(47,24,2),(48,2,1),(48,23,2),(48,49,3),(48,79,1),(48,80,1),(50,7,1),(50,61,2),(50,77,3),(50,82,3),(51,14,3),(52,8,1),(52,11,2),(52,37,2),(52,86,1),(53,40,3),(53,71,1),(53,75,1),(53,83,1),(53,90,3),(54,6,3),(55,3,2),(55,75,1),(56,46,3),(58,51,1),(59,6,1),(59,33,2),(59,53,1),(59,91,1),(60,79,3),(60,96,3),(61,23,2),(61,53,2),(61,95,2),(61,101,1),(62,12,2),(62,25,2),(62,94,3),(62,97,2),(63,89,3),(64,43,2),(65,19,2),(65,32,3),(65,40,3),(65,73,1),(65,85,2),(66,27,2),(66,59,1),(66,78,3),(66,93,1),(67,46,2),(68,60,1),(68,72,2),(68,77,3),(68,81,1),(68,90,2),(69,7,3),(70,12,1),(70,24,1),(70,28,3),(70,66,3),(70,95,3),(72,5,1),(72,7,2),(72,56,2),(72,58,3),(72,72,3),(73,21,3),(73,22,1),(73,99,2),(74,18,3),(74,39,1),(74,79,3),(74,80,1),(74,89,2),(76,41,2),(76,48,3),(77,11,2),(77,48,3),(77,64,2),(77,95,1),(78,12,2),(78,17,2),(78,29,2),(78,56,2),(79,62,2),(79,66,1),(80,9,3),(81,28,3),(81,36,1),(83,37,3),(83,60,1),(83,63,3),(83,77,2),(83,93,2),(84,44,1),(87,2,1),(87,45,2),(87,69,1),(88,25,1),(88,45,2),(88,51,3),(89,20,3),(90,83,1),(91,24,1),(92,96,1),(93,54,1),(94,32,2),(94,39,1),(94,41,1),(94,75,2),(95,6,3),(95,8,3),(95,48,1),(95,56,2),(96,4,2),(96,7,2),(96,71,2),(96,85,2),(97,77,1),(97,102,3),(98,6,3),(98,49,1),(98,50,3),(98,63,3),(100,30,3),(101,99,3),(104,35,3),(104,50,2),(104,67,1),(105,44,1),(105,68,1),(105,74,1),(105,98,1),(106,3,1),(106,44,1),(108,19,1),(108,28,2),(108,37,2),(108,63,1),(108,77,2),(109,23,1),(109,32,1),(110,15,1),(110,46,3),(110,48,1),(110,54,1),(111,11,2),(112,32,3),(112,36,3),(112,44,2),(112,80,2),(112,87,3),(113,18,2),(113,21,2),(113,34,3),(113,36,3),(113,93,3),(114,4,1),(115,88,1),(116,15,1),(116,29,1),(116,59,3),(116,67,1),(117,23,1),(117,31,3),(117,37,2),(117,77,3),(117,79,1),(118,21,1),(118,24,2),(118,55,3),(119,43,1),(120,23,2),(120,43,2),(120,81,3),(120,90,3),(121,16,3),(121,56,1),(121,86,3),(121,96,3),(122,3,2),(122,17,1),(122,19,2),(122,39,2),(122,82,2),(123,46,1),(123,53,3),(125,12,3),(125,15,1),(125,96,2),(125,97,3),(127,3,2),(127,42,3),(127,44,3),(128,35,2),(128,82,1),(129,21,2),(129,55,3),(129,69,2),(129,70,1),(129,97,1),(130,12,3),(130,35,3),(130,38,1),(130,77,1),(130,98,3),(131,41,3),(131,42,2),(131,102,1),(132,22,1),(132,45,2),(132,90,1),(134,90,3),(135,3,1),(135,65,1),(135,74,2),(135,85,2),(136,29,3),(136,47,2),(136,71,3),(136,93,2),(137,39,3),(137,84,1),(137,93,1),(138,84,3),(139,67,1),(139,68,3),(140,42,2),(140,52,3),(140,92,3),(141,6,1),(141,25,3),(143,12,1),(143,43,1),(143,64,3),(143,70,1),(143,72,1),(144,17,2),(144,80,3),(145,40,1),(145,47,3),(145,91,2),(145,92,2),(146,22,3),(146,28,1),(146,40,1),(146,49,1),(146,72,1),(147,28,3),(147,80,1),(149,13,3),(149,43,2),(149,66,2),(149,75,1),(149,91,1),(150,1,2),(150,19,2),(150,55,3),(150,74,2),(150,82,2),(151,24,2),(151,39,2),(151,77,3),(152,42,2),(154,43,3),(156,16,1),(157,15,3),(157,58,3),(158,21,3),(158,54,3),(158,79,3),(158,97,2),(159,3,3),(159,36,3),(159,65,3),(159,86,1),(159,96,2),(160,96,3),(161,17,1),(161,38,1),(161,42,2),(162,40,1),(163,65,3),(165,54,1),(166,9,3),(169,83,2),(170,48,1),(170,65,3),(170,77,1),(171,15,2),(172,92,3),(173,21,1),(173,59,2),(173,62,3),(173,83,2),(173,97,2),(174,79,2),(176,5,2),(176,11,2),(176,85,2),(176,99,3),(177,42,2),(177,81,1),(178,13,2),(178,24,1),(178,43,3),(180,25,3),(182,1,3),(182,4,1),(182,47,2),(182,100,3),(184,43,2),(184,53,2),(184,75,1),(185,9,1),(185,18,2),(185,47,3),(185,61,2),(185,101,2),(186,7,1),(187,5,1),(187,19,2),(188,44,2),(188,54,2),(188,77,1),(189,14,2),(189,26,2),(189,52,3),(189,92,3),(190,14,3),(190,52,1),(191,4,2),(191,83,3),(192,61,3),(192,79,2),(192,88,3),(192,102,3),(193,52,3),(193,74,1),(193,92,2),(194,9,3),(194,13,1),(194,28,3),(194,99,3),(195,62,2),(195,68,2),(196,6,2),(196,59,2),(197,35,1),(198,13,2),(198,43,1),(198,74,1),(200,32,1);
/*!40000 ALTER TABLE `wariant_koszyk` ENABLE KEYS */;
UNLOCK TABLES;

--
-- Table structure for table `wysylka`
--

DROP TABLE IF EXISTS `wysylka`;
/*!40101 SET @saved_cs_client     = @@character_set_client */;
/*!50503 SET character_set_client = utf8mb4 */;
CREATE TABLE `wysylka` (
  `zamowienie_id` int NOT NULL,
  `firma_kurierska_id` int NOT NULL,
  `data_wyslania` datetime DEFAULT NULL,
  `rodzaj_przesylki` varchar(45) NOT NULL,
  PRIMARY KEY (`zamowienie_id`,`firma_kurierska_id`),
  KEY `fk_wysylka_zamowienie1_idx` (`zamowienie_id`),
  KEY `fk_wysylka_firma_kurierskia1_idx` (`firma_kurierska_id`),
  CONSTRAINT `fk_wysylka_firma_kurierskia1` FOREIGN KEY (`firma_kurierska_id`) REFERENCES `firma_kurierska` (`firma_kurierska_id`),
  CONSTRAINT `fk_wysylka_zamowienie1` FOREIGN KEY (`zamowienie_id`) REFERENCES `zamowienie` (`zamowienie_id`)
) ENGINE=InnoDB DEFAULT CHARSET=utf8mb4 COLLATE=utf8mb4_0900_ai_ci;
/*!40101 SET character_set_client = @saved_cs_client */;

--
-- Dumping data for table `wysylka`
--

LOCK TABLES `wysylka` WRITE;
/*!40000 ALTER TABLE `wysylka` DISABLE KEYS */;
INSERT INTO `wysylka` VALUES (1,2,'2026-05-11 19:45:33','standard'),(2,2,'2026-02-09 05:06:04','punkt'),(3,1,'2026-03-24 23:39:10','ekspres'),(4,5,'2026-04-10 22:53:21','punkt'),(5,2,'2026-04-04 04:00:17','ekspres'),(6,5,'2026-03-30 00:31:05','standard'),(7,1,'2026-02-02 01:00:07','standard'),(8,4,'2026-04-03 07:06:06','standard'),(9,4,'2026-03-15 22:15:06','ekspres'),(10,1,'2026-05-12 02:24:07','standard'),(11,2,'2026-03-19 21:04:19','standard'),(12,3,'2026-02-26 17:37:11','punkt'),(13,6,'2026-02-14 02:51:46','standard'),(14,3,'2026-03-08 14:42:22','punkt'),(15,1,'2026-03-04 21:12:05','ekspres'),(16,4,'2026-05-04 12:29:24','punkt'),(17,4,'2026-02-09 21:38:45','standard'),(18,1,'2026-03-20 05:54:47','punkt'),(19,1,'2026-02-26 22:01:00','punkt'),(20,1,'2026-04-03 16:59:19','ekspres'),(21,5,'2026-01-19 21:28:45','punkt'),(22,2,'2026-04-27 22:33:16','standard'),(23,2,'2026-06-15 04:02:17','ekspres'),(24,3,'2026-04-05 05:08:10','standard'),(25,1,'2026-06-07 13:52:23','ekspres'),(26,1,'2026-03-14 21:14:44','ekspres'),(27,5,'2026-01-30 14:09:48','punkt'),(28,4,'2026-02-27 06:43:01','standard'),(29,6,'2026-03-09 12:24:11','standard'),(30,2,'2026-05-17 01:27:33','punkt'),(31,3,'2026-01-15 21:37:12','punkt'),(32,5,'2026-01-13 07:02:35','standard'),(33,4,'2026-06-16 16:26:53','ekspres'),(34,2,'2026-03-28 13:27:47','ekspres'),(35,5,'2026-01-12 09:19:26','punkt'),(36,6,'2026-01-29 23:27:12','punkt'),(37,1,'2026-02-12 12:44:00','punkt'),(38,2,'2026-02-04 12:51:32','standard'),(39,3,'2026-02-01 19:35:40','punkt'),(40,4,'2026-05-24 16:59:37','punkt'),(41,1,'2026-03-26 17:06:22','punkt'),(42,1,'2026-01-13 19:09:07','punkt'),(43,4,'2026-01-09 09:34:40','punkt'),(44,6,'2026-05-16 04:47:00','punkt'),(45,2,'2026-01-30 09:35:10','standard'),(46,2,'2026-02-25 17:39:25','ekspres'),(47,2,'2026-03-23 15:47:52','punkt'),(48,1,'2026-02-18 02:48:41','standard'),(49,5,'2026-05-24 16:46:44','standard'),(50,5,'2026-03-12 14:28:52','standard'),(51,4,'2026-01-13 12:52:48','ekspres'),(52,1,'2026-02-05 00:49:06','punkt'),(53,5,'2026-01-13 17:15:27','ekspres'),(54,4,'2026-01-20 14:18:49','punkt'),(55,2,'2026-06-20 22:09:16','standard'),(56,4,'2026-02-02 00:10:39','punkt'),(57,1,'2026-01-10 15:08:10','ekspres'),(58,1,'2026-02-19 12:59:01','standard'),(59,3,'2026-01-30 21:11:29','ekspres'),(60,1,'2026-05-18 23:11:26','ekspres'),(61,2,'2026-02-09 08:27:44','ekspres'),(62,6,'2026-03-24 12:22:05','ekspres'),(63,3,'2026-04-03 19:38:05','ekspres'),(64,2,'2026-02-19 17:57:44','punkt'),(65,5,'2026-02-15 22:55:17','punkt'),(66,4,'2026-05-17 00:47:05','standard'),(67,4,'2026-03-23 19:43:07','standard'),(68,1,'2026-03-24 23:25:19','punkt'),(69,4,'2026-03-29 06:03:36','standard'),(70,3,'2026-02-22 17:21:42','ekspres'),(71,4,'2026-05-08 00:46:33','ekspres'),(72,6,'2026-03-22 14:58:33','ekspres'),(73,1,'2026-04-14 23:59:28','standard'),(74,5,'2026-01-24 18:02:48','punkt'),(75,2,'2026-06-09 07:30:32','ekspres'),(76,2,'2026-02-01 13:21:47','standard'),(77,1,'2026-01-19 21:06:57','standard'),(78,3,'2026-05-24 10:11:40','standard'),(79,6,'2026-02-20 09:53:59','punkt'),(80,2,'2026-03-04 19:18:21','standard'),(81,2,'2026-02-01 18:23:50','ekspres'),(82,3,'2026-01-13 00:25:47','punkt'),(83,4,'2026-05-11 10:01:38','standard'),(84,5,'2026-05-22 09:35:28','ekspres'),(85,5,'2026-04-02 21:19:30','ekspres'),(86,5,'2026-01-22 22:56:18','ekspres'),(87,2,'2026-02-01 10:32:02','ekspres'),(88,2,'2026-02-05 09:33:08','punkt'),(89,1,'2026-01-27 21:09:56','standard'),(90,3,'2026-04-17 01:29:57','standard'),(91,3,'2026-04-11 02:26:34','standard'),(92,1,'2026-01-31 14:43:51','standard'),(93,1,'2026-01-28 19:40:44','standard'),(94,3,'2026-03-13 21:35:50','punkt'),(95,2,'2026-01-13 07:37:27','ekspres'),(96,4,'2026-04-06 12:23:31','ekspres'),(97,1,'2026-02-23 18:53:51','standard'),(98,2,'2026-01-11 17:48:50','punkt'),(99,2,'2026-02-10 16:19:35','punkt'),(100,4,'2026-02-05 04:07:04','punkt'),(101,6,'2026-03-22 06:34:24','ekspres'),(102,5,'2026-03-09 01:50:14','standard'),(103,1,'2026-01-16 14:50:10','ekspres'),(104,2,'2026-04-06 06:27:38','punkt'),(105,4,'2026-04-03 15:54:51','standard'),(106,5,'2026-01-25 17:48:08','standard'),(107,6,'2026-03-09 11:48:47','punkt'),(108,3,'2026-03-06 12:55:33','standard'),(109,5,'2026-04-20 07:26:21','standard'),(110,4,'2026-01-26 02:24:31','standard'),(111,6,'2026-03-18 16:04:08','standard'),(112,5,'2026-02-01 09:29:31','ekspres'),(113,1,'2026-03-10 00:51:24','ekspres'),(115,3,'2026-01-16 17:06:09','ekspres'),(116,4,'2026-01-14 12:47:26','standard'),(117,5,'2026-06-03 14:54:25','ekspres'),(118,4,'2026-03-31 02:26:48','standard'),(119,6,'2026-02-28 04:29:42','ekspres'),(120,5,'2026-04-16 09:15:44','punkt'),(121,3,'2026-05-12 23:26:13','standard'),(122,2,'2026-03-31 21:30:39','punkt'),(123,5,'2026-04-11 02:30:44','standard'),(124,2,'2026-01-10 14:00:06','punkt'),(126,3,'2026-02-12 11:30:23','standard'),(127,1,'2026-02-05 20:18:53','ekspres'),(129,5,'2026-04-05 21:55:36','ekspres'),(130,6,'2026-02-07 14:58:44','ekspres'),(131,6,'2026-04-13 02:33:58','standard'),(132,1,'2026-03-03 12:46:03','standard'),(133,6,'2026-03-21 19:12:59','ekspres'),(134,1,'2026-03-05 01:23:50','ekspres'),(135,1,'2026-03-15 12:25:35','standard'),(136,1,'2026-02-16 10:37:34','standard'),(137,5,'2026-01-13 10:32:26','ekspres'),(138,5,'2026-03-14 07:37:50','punkt'),(139,3,'2026-04-03 08:00:55','standard'),(141,4,'2026-05-21 20:25:51','standard'),(142,2,'2026-02-01 14:17:37','standard'),(143,3,'2026-04-06 11:46:39','ekspres'),(145,2,'2026-02-02 06:16:42','ekspres'),(146,4,'2026-05-22 08:44:37','ekspres'),(147,1,'2026-03-18 03:44:09','punkt'),(148,6,'2026-01-31 09:28:57','punkt'),(149,1,'2026-02-26 05:35:52','ekspres'),(150,4,'2026-02-02 04:38:28','punkt'),(163,4,'2026-02-17 03:10:41','ekspres'),(167,3,'2026-01-29 13:22:23','punkt'),(187,4,'2026-04-15 13:56:49','ekspres'),(192,6,'2026-04-18 08:55:26','standard');
/*!40000 ALTER TABLE `wysylka` ENABLE KEYS */;
UNLOCK TABLES;

--
-- Table structure for table `zamowienie`
--

DROP TABLE IF EXISTS `zamowienie`;
/*!40101 SET @saved_cs_client     = @@character_set_client */;
/*!50503 SET character_set_client = utf8mb4 */;
CREATE TABLE `zamowienie` (
  `zamowienie_id` int NOT NULL AUTO_INCREMENT,
  `data_zlozenia` datetime NOT NULL DEFAULT CURRENT_TIMESTAMP,
  `status` enum('nowe','opłacone','w_realizacji','wysłane','zrealizowane','anulowane') NOT NULL,
  `data_zrealizowania` datetime DEFAULT NULL,
  `konto_id` int NOT NULL,
  `adres_id` int NOT NULL,
  PRIMARY KEY (`zamowienie_id`),
  KEY `fk_zamowienie_konto1_idx` (`konto_id`),
  KEY `fk_zamowienie_adres1_idx` (`adres_id`),
  CONSTRAINT `fk_zamowienie_adres1` FOREIGN KEY (`adres_id`) REFERENCES `adres` (`adres_id`),
  CONSTRAINT `fk_zamowienie_konto1` FOREIGN KEY (`konto_id`) REFERENCES `konto` (`konto_id`)
) ENGINE=InnoDB AUTO_INCREMENT=201 DEFAULT CHARSET=utf8mb4 COLLATE=utf8mb4_0900_ai_ci;
/*!40101 SET character_set_client = @saved_cs_client */;

--
-- Dumping data for table `zamowienie`
--

LOCK TABLES `zamowienie` WRITE;
/*!40000 ALTER TABLE `zamowienie` DISABLE KEYS */;
INSERT INTO `zamowienie` VALUES (1,'2026-05-09 01:19:57','zrealizowane','2026-05-17 09:09:59',17,108),(2,'2026-02-08 23:26:26','zrealizowane','2026-02-09 18:48:49',60,12),(3,'2026-03-10 11:13:42','zrealizowane','2026-04-01 05:43:36',159,51),(4,'2026-03-06 03:45:37','zrealizowane','2026-04-13 17:15:18',27,119),(5,'2026-03-30 18:35:41','zrealizowane','2026-04-14 09:39:32',152,69),(6,'2026-03-21 00:06:27','zrealizowane','2026-04-02 13:21:15',130,90),(7,'2026-02-01 21:24:52','zrealizowane','2026-02-02 19:00:49',62,39),(8,'2026-02-21 20:39:36','zrealizowane','2026-05-20 18:14:35',28,97),(9,'2026-03-09 18:50:50','zrealizowane','2026-03-26 01:24:13',144,76),(10,'2026-01-15 21:46:12','zrealizowane','2026-06-10 16:34:21',78,97),(11,'2026-02-11 00:43:41','zrealizowane','2026-04-12 07:20:52',13,3),(12,'2026-02-24 11:29:32','zrealizowane','2026-03-02 23:25:14',136,99),(13,'2026-01-31 01:36:18','zrealizowane','2026-02-21 19:49:15',20,23),(14,'2026-03-08 01:18:14','zrealizowane','2026-03-09 08:35:33',164,99),(15,'2026-01-27 06:08:01','zrealizowane','2026-04-25 05:00:08',22,101),(16,'2026-04-09 23:25:26','zrealizowane','2026-05-25 22:04:44',157,84),(17,'2026-01-08 19:24:51','zrealizowane','2026-03-11 11:09:22',77,4),(18,'2026-03-13 09:38:27','zrealizowane','2026-03-21 00:40:48',4,30),(19,'2026-02-22 14:46:02','zrealizowane','2026-03-13 11:20:14',134,60),(20,'2026-02-17 20:23:15','zrealizowane','2026-06-22 09:33:26',178,13),(21,'2026-01-16 11:15:23','zrealizowane','2026-01-19 23:08:08',58,3),(22,'2026-04-27 17:07:17','zrealizowane','2026-04-28 13:23:05',131,104),(23,'2026-06-10 10:48:36','zrealizowane','2026-06-15 06:30:00',23,107),(24,'2026-03-10 18:52:16','zrealizowane','2026-04-15 22:13:22',185,7),(25,'2026-05-31 00:57:33','zrealizowane','2026-06-08 02:04:23',128,6),(26,'2026-03-09 18:14:57','zrealizowane','2026-03-15 15:10:48',111,13),(27,'2026-01-26 11:31:05','zrealizowane','2026-02-07 19:29:28',36,34),(28,'2026-02-26 19:36:52','zrealizowane','2026-02-27 08:03:12',160,68),(29,'2026-02-20 18:46:46','zrealizowane','2026-04-06 20:17:21',131,98),(30,'2026-05-11 07:03:51','zrealizowane','2026-05-18 17:28:33',29,95),(31,'2026-01-15 01:18:47','zrealizowane','2026-01-31 17:43:41',108,107),(32,'2026-01-13 03:52:13','zrealizowane','2026-01-13 08:24:32',103,24),(33,'2026-05-13 14:02:06','zrealizowane','2026-07-05 08:28:58',171,30),(34,'2026-03-07 03:13:35','zrealizowane','2026-06-08 00:43:09',185,113),(35,'2026-01-10 02:15:38','zrealizowane','2026-01-19 18:09:16',122,112),(36,'2026-01-25 18:36:09','zrealizowane','2026-02-03 11:37:17',107,77),(37,'2026-01-22 17:43:08','zrealizowane','2026-03-24 15:49:26',172,116),(38,'2026-02-02 18:06:14','zrealizowane','2026-02-04 15:49:34',7,87),(39,'2026-02-01 00:28:44','zrealizowane','2026-02-06 09:08:49',119,30),(40,'2026-05-12 05:48:44','zrealizowane','2026-05-26 14:41:27',171,71),(41,'2026-03-22 07:03:14','zrealizowane','2026-04-12 21:27:49',138,90),(42,'2026-01-09 12:55:55','zrealizowane','2026-01-19 19:15:13',62,40),(43,'2026-01-08 18:50:52','zrealizowane','2026-01-09 19:57:10',12,58),(44,'2026-05-12 16:03:58','zrealizowane','2026-05-17 05:55:12',154,54),(45,'2026-01-27 21:49:43','zrealizowane','2026-01-30 23:18:22',40,65),(46,'2026-02-03 04:28:35','zrealizowane','2026-04-04 23:29:42',141,98),(47,'2026-01-19 15:26:58','zrealizowane','2026-03-31 17:22:18',43,21),(48,'2026-01-13 17:31:42','zrealizowane','2026-05-29 03:07:24',125,28),(49,'2026-05-20 14:27:14','zrealizowane','2026-05-29 01:34:11',69,100),(50,'2026-02-20 07:32:50','zrealizowane','2026-04-27 09:10:22',135,46),(51,'2026-01-09 18:58:12','zrealizowane','2026-01-13 19:03:39',187,116),(52,'2026-02-04 11:14:30','zrealizowane','2026-02-11 09:11:15',186,119),(53,'2026-01-12 00:24:35','zrealizowane','2026-01-14 01:47:23',30,90),(54,'2026-01-15 10:15:36','zrealizowane','2026-01-30 22:06:26',56,87),(55,'2026-06-20 12:21:33','zrealizowane','2026-06-21 09:26:09',98,113),(56,'2026-01-11 16:28:37','zrealizowane','2026-02-20 22:57:38',37,82),(57,'2026-01-08 09:13:58','zrealizowane','2026-01-13 04:19:50',186,29),(58,'2026-02-17 11:49:32','zrealizowane','2026-02-19 21:23:19',59,83),(59,'2026-01-09 18:01:05','zrealizowane','2026-03-05 11:44:24',196,54),(60,'2026-05-18 14:31:12','zrealizowane','2026-05-20 04:57:57',189,112),(61,'2026-01-21 08:04:26','zrealizowane','2026-03-18 04:14:35',185,75),(62,'2026-03-15 21:29:11','zrealizowane','2026-05-07 05:20:48',75,74),(63,'2026-03-11 10:30:58','zrealizowane','2026-04-19 05:41:21',171,13),(64,'2026-02-09 05:59:29','zrealizowane','2026-06-14 10:40:56',53,69),(65,'2026-02-04 07:49:00','zrealizowane','2026-02-23 07:30:58',126,96),(66,'2026-05-12 20:51:07','zrealizowane','2026-05-21 18:37:19',154,5),(67,'2026-03-20 10:41:56','zrealizowane','2026-03-29 23:50:40',153,90),(68,'2026-03-22 05:02:19','zrealizowane','2026-03-28 15:21:04',127,93),(69,'2026-03-20 06:24:57','zrealizowane','2026-04-03 23:28:30',150,41),(70,'2026-02-22 16:05:33','zrealizowane','2026-02-22 18:50:49',15,33),(71,'2026-04-27 14:52:29','zrealizowane','2026-06-14 17:16:42',25,55),(72,'2026-03-14 13:39:29','zrealizowane','2026-04-27 09:21:27',154,98),(73,'2026-04-08 18:29:45','zrealizowane','2026-04-15 06:23:50',27,33),(74,'2026-01-24 03:40:26','zrealizowane','2026-01-26 02:39:56',51,100),(75,'2026-06-06 02:17:56','zrealizowane','2026-06-16 04:14:00',29,54),(76,'2026-01-31 16:20:50','zrealizowane','2026-02-03 23:41:48',57,104),(77,'2026-01-16 11:37:49','zrealizowane','2026-01-24 15:06:56',198,17),(78,'2026-05-23 21:43:07','zrealizowane','2026-05-25 04:03:41',125,46),(79,'2026-01-15 14:10:11','zrealizowane','2026-02-22 14:21:15',79,66),(80,'2026-03-04 05:30:09','zrealizowane','2026-03-05 22:45:50',63,46),(81,'2026-01-31 13:58:10','zrealizowane','2026-02-05 11:09:54',26,38),(82,'2026-01-12 23:09:34','zrealizowane','2026-01-13 07:12:37',103,63),(83,'2026-04-04 23:13:02','zrealizowane','2026-06-12 09:46:38',89,18),(84,'2026-04-25 12:34:11','zrealizowane','2026-06-01 00:20:24',76,53),(85,'2026-01-25 02:37:05','zrealizowane','2026-04-04 18:34:57',96,50),(86,'2026-01-19 15:31:07','zrealizowane','2026-01-25 04:28:31',93,102),(87,'2026-01-26 10:53:50','zrealizowane','2026-02-14 20:24:22',55,42),(88,'2026-01-11 15:52:37','zrealizowane','2026-02-07 02:42:47',124,95),(89,'2026-01-18 23:24:39','zrealizowane','2026-01-31 23:05:09',137,67),(90,'2026-04-14 23:48:36','zrealizowane','2026-04-17 21:12:17',8,55),(91,'2026-01-04 03:07:25','zrealizowane','2026-04-28 05:49:28',159,32),(92,'2026-01-27 13:29:46','zrealizowane','2026-02-02 21:00:39',119,110),(93,'2026-01-26 06:53:12','zrealizowane','2026-01-29 23:18:04',93,116),(94,'2026-02-13 14:27:33','zrealizowane','2026-03-15 20:07:44',199,49),(95,'2026-01-13 06:45:02','zrealizowane','2026-01-13 08:06:01',103,4),(96,'2026-04-05 07:11:35','zrealizowane','2026-04-08 20:30:19',163,20),(97,'2026-02-22 21:27:35','zrealizowane','2026-02-27 14:43:13',67,74),(98,'2026-01-11 15:46:48','zrealizowane','2026-01-15 21:38:19',80,119),(99,'2026-02-06 21:26:37','zrealizowane','2026-02-12 02:54:50',118,8),(100,'2026-02-04 18:21:00','zrealizowane','2026-02-05 14:10:39',62,106),(101,'2026-02-22 02:32:35','zrealizowane','2026-04-27 21:01:12',177,20),(102,'2026-03-07 20:41:06','zrealizowane','2026-03-11 02:02:12',16,40),(103,'2026-01-12 15:12:52','zrealizowane','2026-01-16 19:31:27',74,53),(104,'2026-03-29 02:35:05','zrealizowane','2026-04-14 21:44:40',166,11),(105,'2026-02-08 11:55:32','zrealizowane','2026-04-13 11:34:20',125,119),(106,'2026-01-21 15:55:01','zrealizowane','2026-02-03 08:21:19',79,80),(107,'2026-02-17 19:09:28','zrealizowane','2026-03-26 03:37:02',172,70),(108,'2026-02-26 19:46:13','zrealizowane','2026-04-26 18:10:47',83,17),(109,'2026-03-06 12:28:42','zrealizowane','2026-05-30 18:27:40',139,7),(110,'2026-01-25 15:21:27','zrealizowane','2026-01-26 07:24:43',116,37),(111,'2026-02-08 15:34:48','zrealizowane','2026-03-19 11:26:05',18,25),(112,'2026-01-31 22:20:18','zrealizowane','2026-02-02 00:46:08',69,98),(113,'2026-03-06 14:52:37','zrealizowane','2026-03-18 17:00:20',178,104),(114,'2026-01-23 00:09:54','anulowane',NULL,107,64),(115,'2026-01-16 14:55:18','zrealizowane','2026-01-16 21:24:37',110,107),(116,'2026-01-14 08:36:27','zrealizowane','2026-01-14 15:01:31',30,59),(117,'2026-05-30 05:38:04','zrealizowane','2026-06-14 00:22:00',188,63),(118,'2026-03-24 15:25:29','zrealizowane','2026-04-27 21:13:29',67,3),(119,'2026-02-23 08:40:32','zrealizowane','2026-03-26 14:24:08',192,59),(120,'2026-04-08 23:21:55','zrealizowane','2026-04-17 23:27:50',37,85),(121,'2026-04-25 00:06:55','zrealizowane','2026-05-15 04:15:01',180,75),(122,'2026-03-27 00:55:00','zrealizowane','2026-04-01 09:32:54',188,105),(123,'2026-04-09 23:04:55','zrealizowane','2026-04-13 02:40:48',21,83),(124,'2026-01-10 04:24:33','zrealizowane','2026-01-10 17:44:11',12,3),(125,'2026-04-15 21:45:46','anulowane',NULL,18,35),(126,'2026-02-06 17:15:04','zrealizowane','2026-04-28 09:45:02',76,103),(127,'2026-02-04 14:44:42','zrealizowane','2026-02-07 20:34:00',62,88),(128,'2026-03-24 09:10:28','anulowane',NULL,109,63),(129,'2026-03-28 11:10:25','zrealizowane','2026-05-31 19:05:49',197,72),(130,'2026-02-06 20:26:58','zrealizowane','2026-03-06 04:26:04',118,7),(131,'2026-04-13 01:29:04','zrealizowane','2026-04-13 02:53:01',5,59),(132,'2026-03-02 16:31:43','zrealizowane','2026-03-03 20:43:23',26,2),(133,'2026-03-11 15:41:20','zrealizowane','2026-03-27 08:17:55',161,91),(134,'2026-03-03 21:12:44','zrealizowane','2026-03-05 08:34:33',92,21),(135,'2026-02-07 22:00:52','zrealizowane','2026-04-08 11:24:10',25,86),(136,'2026-02-06 19:00:33','zrealizowane','2026-04-22 07:19:03',156,19),(137,'2026-01-10 05:38:37','zrealizowane','2026-01-27 18:02:52',86,60),(138,'2026-03-03 18:19:26','zrealizowane','2026-03-27 01:32:06',109,41),(139,'2026-01-29 12:16:49','zrealizowane','2026-05-20 04:35:19',127,86),(140,'2026-05-20 22:20:32','anulowane',NULL,197,49),(141,'2026-03-02 19:13:40','zrealizowane','2026-06-07 13:58:08',164,88),(142,'2026-01-19 13:39:59','zrealizowane','2026-03-18 04:30:36',11,63),(143,'2026-03-18 04:23:06','zrealizowane','2026-04-13 01:17:12',185,17),(144,'2026-04-22 14:38:36','anulowane',NULL,199,11),(145,'2026-01-27 06:51:02','zrealizowane','2026-02-20 14:38:28',146,16),(146,'2026-05-06 20:16:19','zrealizowane','2026-05-28 11:19:38',25,43),(147,'2026-02-17 18:41:42','zrealizowane','2026-04-30 09:34:48',127,19),(148,'2026-01-20 01:51:56','zrealizowane','2026-02-20 12:56:41',181,104),(149,'2026-01-30 15:47:25','zrealizowane','2026-03-13 18:33:53',183,77),(150,'2026-01-30 06:38:10','zrealizowane','2026-03-01 23:47:32',148,21),(151,'2026-02-07 20:59:57','anulowane',NULL,130,12),(152,'2026-01-04 20:08:37','w_realizacji',NULL,12,29),(153,'2026-04-07 05:54:50','anulowane',NULL,19,108),(154,'2026-04-05 20:20:20','anulowane',NULL,170,42),(155,'2026-01-25 01:26:58','anulowane',NULL,121,45),(156,'2026-01-19 20:34:48','w_realizacji',NULL,190,116),(157,'2026-01-29 02:33:29','opłacone',NULL,67,48),(158,'2026-04-22 01:46:57','anulowane',NULL,127,33),(159,'2026-01-12 17:21:58','w_realizacji',NULL,195,4),(160,'2026-03-29 20:29:57','nowe',NULL,150,49),(161,'2026-02-17 11:43:23','w_realizacji',NULL,153,41),(162,'2026-02-10 22:07:20','anulowane',NULL,79,22),(163,'2026-02-08 23:30:02','wysłane',NULL,186,72),(164,'2026-03-03 14:30:38','nowe',NULL,39,33),(165,'2026-01-17 07:16:23','w_realizacji',NULL,60,76),(166,'2026-03-17 08:29:35','anulowane',NULL,88,100),(167,'2026-01-23 14:27:20','wysłane',NULL,58,63),(168,'2026-04-07 11:15:00','opłacone',NULL,9,80),(169,'2026-06-03 22:43:35','anulowane',NULL,87,69),(170,'2026-01-20 16:51:19','anulowane',NULL,175,3),(171,'2026-01-16 23:02:36','anulowane',NULL,119,19),(172,'2026-01-12 18:38:03','opłacone',NULL,173,8),(173,'2026-01-31 21:52:04','anulowane',NULL,80,91),(174,'2026-01-27 18:40:22','anulowane',NULL,4,12),(175,'2026-01-13 09:50:23','anulowane',NULL,60,62),(176,'2026-02-06 01:45:41','anulowane',NULL,71,8),(177,'2026-05-31 07:29:10','opłacone',NULL,196,64),(178,'2026-01-08 00:35:52','w_realizacji',NULL,50,53),(179,'2026-05-17 07:46:40','anulowane',NULL,171,14),(180,'2026-05-25 08:14:10','w_realizacji',NULL,155,72),(181,'2026-02-27 11:22:08','anulowane',NULL,111,108),(182,'2026-01-28 09:24:37','w_realizacji',NULL,183,52),(183,'2026-01-14 23:58:38','w_realizacji',NULL,148,8),(184,'2026-02-12 18:11:12','anulowane',NULL,26,120),(185,'2026-01-13 03:09:36','anulowane',NULL,30,84),(186,'2026-01-13 18:49:41','anulowane',NULL,110,24),(187,'2026-04-11 09:05:16','wysłane',NULL,92,117),(188,'2026-01-17 17:58:23','opłacone',NULL,40,70),(189,'2026-03-19 17:09:01','nowe',NULL,82,40),(190,'2026-04-06 13:14:53','anulowane',NULL,13,96),(191,'2026-01-14 12:42:21','anulowane',NULL,85,101),(192,'2026-03-10 23:40:52','wysłane',NULL,67,62),(193,'2026-04-20 15:09:29','anulowane',NULL,157,101),(194,'2026-01-05 23:00:39','w_realizacji',NULL,200,55),(195,'2026-03-25 06:22:50','nowe',NULL,168,96),(196,'2026-05-23 08:59:05','anulowane',NULL,127,90),(197,'2026-03-16 13:44:49','anulowane',NULL,54,50),(198,'2026-02-20 02:09:00','w_realizacji',NULL,148,87),(199,'2026-02-24 02:04:42','w_realizacji',NULL,81,47),(200,'2026-03-02 22:21:38','w_realizacji',NULL,197,71);
/*!40000 ALTER TABLE `zamowienie` ENABLE KEYS */;
UNLOCK TABLES;
/*!50003 SET @saved_cs_client      = @@character_set_client */ ;
/*!50003 SET @saved_cs_results     = @@character_set_results */ ;
/*!50003 SET @saved_col_connection = @@collation_connection */ ;
/*!50003 SET character_set_client  = utf8mb4 */ ;
/*!50003 SET character_set_results = utf8mb4 */ ;
/*!50003 SET collation_connection  = utf8mb4_0900_ai_ci */ ;
/*!50003 SET @saved_sql_mode       = @@sql_mode */ ;
/*!50003 SET sql_mode              = 'ONLY_FULL_GROUP_BY,STRICT_TRANS_TABLES,NO_ZERO_IN_DATE,NO_ZERO_DATE,ERROR_FOR_DIVISION_BY_ZERO,NO_ENGINE_SUBSTITUTION' */ ;
DELIMITER ;;
/*!50003 CREATE*/ /*!50017 DEFINER=`admin`@`localhost`*/ /*!50003 TRIGGER `zakaz_daty_z_przyszlosci` BEFORE INSERT ON `zamowienie` FOR EACH ROW BEGIN
    IF NEW.data_zlozenia > NOW() THEN
        SIGNAL SQLSTATE '45000'
        SET MESSAGE_TEXT = 'Błąd: Data zamówienia nie może być z przyszłości!';
    END IF;
END */;;
DELIMITER ;
/*!50003 SET sql_mode              = @saved_sql_mode */ ;
/*!50003 SET character_set_client  = @saved_cs_client */ ;
/*!50003 SET character_set_results = @saved_cs_results */ ;
/*!50003 SET collation_connection  = @saved_col_connection */ ;
/*!50003 SET @saved_cs_client      = @@character_set_client */ ;
/*!50003 SET @saved_cs_results     = @@character_set_results */ ;
/*!50003 SET @saved_col_connection = @@collation_connection */ ;
/*!50003 SET character_set_client  = utf8mb4 */ ;
/*!50003 SET character_set_results = utf8mb4 */ ;
/*!50003 SET collation_connection  = utf8mb4_0900_ai_ci */ ;
/*!50003 SET @saved_sql_mode       = @@sql_mode */ ;
/*!50003 SET sql_mode              = 'ONLY_FULL_GROUP_BY,STRICT_TRANS_TABLES,NO_ZERO_IN_DATE,NO_ZERO_DATE,ERROR_FOR_DIVISION_BY_ZERO,NO_ENGINE_SUBSTITUTION' */ ;
DELIMITER ;;
/*!50003 CREATE*/ /*!50017 DEFINER=`admin`@`localhost`*/ /*!50003 TRIGGER `aktualna_data_przy_tworzeniu_zamowienia` BEFORE INSERT ON `zamowienie` FOR EACH ROW SET NEW.data_zlozenia = IFNULL(NEW.data_zlozenia, NOW()) */;;
DELIMITER ;
/*!50003 SET sql_mode              = @saved_sql_mode */ ;
/*!50003 SET character_set_client  = @saved_cs_client */ ;
/*!50003 SET character_set_results = @saved_cs_results */ ;
/*!50003 SET collation_connection  = @saved_col_connection */ ;

--
-- Table structure for table `zamowienie_egzemplarz`
--

DROP TABLE IF EXISTS `zamowienie_egzemplarz`;
/*!40101 SET @saved_cs_client     = @@character_set_client */;
/*!50503 SET character_set_client = utf8mb4 */;
CREATE TABLE `zamowienie_egzemplarz` (
  `zamowienie_id` int NOT NULL,
  `egzemplarz_id` int NOT NULL,
  `zwrot_id` int DEFAULT NULL,
  PRIMARY KEY (`zamowienie_id`,`egzemplarz_id`),
  KEY `fk_zamownienie_egzemplarz_egzemplarz1_idx` (`egzemplarz_id`),
  KEY `fk_zamownienie_egzemplarz_zwrot1_idx` (`zwrot_id`),
  CONSTRAINT `fk_zamownienie_egzemplarz_egzemplarz1` FOREIGN KEY (`egzemplarz_id`) REFERENCES `egzemplarz` (`egzemplarz_id`),
  CONSTRAINT `fk_zamownienie_egzemplarz_zamowienie1` FOREIGN KEY (`zamowienie_id`) REFERENCES `zamowienie` (`zamowienie_id`),
  CONSTRAINT `fk_zamownienie_egzemplarz_zwrot1` FOREIGN KEY (`zwrot_id`) REFERENCES `zwrot` (`zwrot_id`)
) ENGINE=InnoDB DEFAULT CHARSET=utf8mb4 COLLATE=utf8mb4_0900_ai_ci;
/*!40101 SET character_set_client = @saved_cs_client */;

--
-- Dumping data for table `zamowienie_egzemplarz`
--

LOCK TABLES `zamowienie_egzemplarz` WRITE;
/*!40000 ALTER TABLE `zamowienie_egzemplarz` DISABLE KEYS */;
INSERT INTO `zamowienie_egzemplarz` VALUES (2,276,NULL),(2,279,NULL),(2,371,NULL),(2,596,NULL),(2,598,NULL),(2,600,NULL),(2,718,NULL),(3,51,NULL),(3,52,NULL),(3,53,NULL),(3,176,NULL),(3,177,NULL),(3,180,NULL),(3,578,NULL),(3,582,NULL),(3,584,NULL),(3,758,NULL),(3,759,NULL),(4,104,NULL),(4,107,NULL),(4,281,NULL),(4,289,NULL),(4,290,NULL),(4,376,NULL),(4,377,NULL),(4,378,NULL),(5,103,NULL),(5,105,NULL),(5,106,NULL),(5,551,NULL),(5,571,NULL),(5,577,NULL),(6,518,NULL),(6,522,NULL),(6,692,NULL),(6,716,NULL),(6,720,NULL),(6,742,NULL),(6,747,NULL),(7,403,NULL),(7,405,NULL),(7,755,NULL),(8,714,NULL),(9,15,NULL),(9,18,NULL),(9,23,NULL),(9,99,NULL),(9,101,NULL),(9,348,NULL),(9,350,NULL),(9,351,NULL),(10,322,NULL),(10,324,NULL),(10,326,NULL),(10,696,NULL),(10,697,NULL),(11,154,NULL),(11,161,NULL),(11,275,NULL),(11,644,NULL),(12,722,NULL),(12,725,NULL),(13,208,NULL),(14,125,NULL),(14,126,NULL),(14,131,NULL),(15,751,NULL),(15,752,NULL),(15,754,NULL),(16,261,NULL),(16,263,NULL),(16,423,NULL),(16,426,NULL),(17,171,NULL),(17,555,NULL),(17,559,NULL),(17,560,NULL),(18,231,NULL),(18,232,NULL),(18,233,NULL),(18,556,NULL),(18,562,NULL),(19,464,NULL),(19,474,NULL),(19,475,NULL),(19,733,NULL),(19,734,NULL),(19,737,NULL),(20,228,NULL),(20,724,NULL),(20,726,NULL),(21,128,NULL),(21,588,NULL),(21,606,NULL),(21,609,NULL),(21,612,NULL),(22,54,NULL),(22,56,NULL),(22,60,NULL),(22,346,NULL),(22,347,NULL),(22,379,NULL),(22,523,NULL),(23,235,NULL),(23,414,NULL),(23,415,NULL),(23,416,NULL),(24,75,NULL),(24,78,NULL),(24,336,NULL),(24,338,NULL),(24,341,NULL),(25,359,NULL),(25,360,NULL),(25,361,NULL),(26,172,NULL),(26,264,NULL),(26,267,NULL),(26,586,NULL),(26,590,NULL),(26,591,NULL),(27,114,NULL),(27,269,NULL),(27,533,NULL),(27,695,NULL),(27,698,NULL),(28,191,NULL),(28,193,NULL),(28,349,NULL),(28,564,NULL),(29,285,NULL),(29,286,NULL),(29,291,NULL),(30,543,NULL),(31,230,NULL),(32,266,NULL),(32,268,NULL),(32,273,NULL),(32,319,NULL),(32,380,NULL),(32,382,NULL),(33,601,NULL),(33,602,NULL),(33,663,NULL),(33,665,NULL),(34,661,NULL),(34,664,NULL),(35,225,NULL),(36,82,NULL),(36,83,NULL),(36,500,NULL),(37,666,NULL),(37,719,NULL),(37,721,NULL),(37,749,NULL),(37,750,NULL),(37,753,NULL),(38,305,NULL),(38,306,NULL),(38,397,NULL),(38,398,NULL),(38,400,NULL),(38,693,NULL),(39,445,NULL),(39,451,NULL),(40,479,NULL),(40,481,NULL),(41,270,NULL),(41,271,NULL),(41,274,NULL),(41,642,NULL),(42,212,NULL),(42,219,NULL),(42,323,NULL),(42,328,NULL),(42,384,NULL),(42,389,NULL),(42,393,NULL),(42,672,NULL),(42,673,NULL),(42,674,NULL),(43,630,NULL),(44,411,NULL),(45,278,NULL),(45,280,NULL),(46,32,NULL),(46,137,NULL),(47,548,NULL),(47,553,NULL),(48,648,NULL),(48,649,NULL),(49,220,NULL),(50,686,NULL),(50,687,NULL),(51,365,NULL),(51,386,NULL),(51,387,NULL),(51,392,NULL),(51,506,NULL),(51,512,NULL),(51,513,NULL),(51,557,NULL),(51,561,NULL),(52,615,NULL),(52,617,NULL),(52,684,NULL),(53,660,NULL),(54,31,NULL),(55,3,NULL),(55,4,NULL),(55,6,NULL),(55,213,NULL),(55,215,NULL),(55,221,NULL),(55,381,NULL),(56,417,NULL),(56,420,NULL),(56,422,NULL),(56,507,NULL),(56,511,NULL),(56,525,NULL),(56,529,NULL),(56,531,NULL),(56,616,NULL),(57,138,NULL),(58,168,NULL),(58,169,NULL),(59,159,NULL),(59,677,NULL),(59,682,NULL),(60,80,NULL),(60,155,NULL),(60,156,NULL),(60,163,NULL),(60,250,NULL),(60,252,NULL),(60,254,NULL),(60,544,NULL),(60,552,NULL),(61,352,NULL),(61,446,NULL),(61,694,NULL),(62,145,NULL),(62,146,NULL),(62,150,NULL),(63,383,NULL),(64,62,NULL),(64,166,NULL),(65,542,NULL),(66,173,NULL),(66,174,NULL),(66,175,NULL),(66,342,NULL),(66,610,NULL),(66,651,NULL),(66,656,NULL),(67,217,NULL),(68,283,NULL),(68,646,NULL),(68,647,NULL),(68,681,NULL),(69,109,NULL),(69,117,NULL),(69,164,NULL),(69,593,NULL),(69,594,NULL),(69,599,NULL),(70,183,NULL),(70,717,NULL),(71,207,NULL),(71,209,NULL),(71,210,NULL),(72,478,NULL),(72,482,NULL),(72,667,NULL),(72,671,NULL),(72,678,NULL),(73,157,NULL),(73,160,NULL),(73,162,NULL),(74,142,NULL),(74,151,NULL),(75,61,NULL),(75,468,NULL),(75,469,NULL),(75,517,NULL),(75,520,NULL),(75,521,NULL),(76,127,NULL),(76,466,NULL),(77,181,NULL),(77,195,NULL),(77,198,NULL),(77,574,NULL),(77,575,NULL),(77,676,NULL),(77,679,NULL),(77,680,NULL),(78,395,NULL),(79,30,NULL),(79,761,NULL),(79,766,NULL),(79,769,NULL),(81,188,NULL),(81,189,NULL),(81,190,NULL),(81,222,NULL),(81,227,NULL),(81,308,NULL),(82,100,NULL),(82,115,NULL),(82,116,NULL),(82,118,NULL),(82,728,NULL),(82,729,NULL),(83,22,NULL),(84,240,NULL),(84,241,NULL),(84,243,NULL),(84,282,NULL),(84,640,NULL),(84,641,NULL),(86,388,NULL),(86,394,NULL),(86,519,NULL),(86,587,NULL),(86,589,NULL),(87,530,NULL),(87,675,NULL),(88,237,NULL),(88,238,NULL),(88,730,NULL),(88,731,NULL),(89,1,NULL),(89,2,NULL),(89,7,NULL),(89,258,NULL),(89,259,NULL),(89,260,NULL),(89,448,NULL),(89,465,NULL),(89,470,NULL),(90,214,NULL),(90,216,NULL),(90,218,NULL),(90,344,NULL),(90,345,NULL),(90,404,NULL),(90,406,NULL),(90,536,NULL),(90,537,NULL),(90,539,NULL),(91,327,NULL),(91,357,NULL),(91,534,NULL),(92,331,NULL),(93,456,NULL),(93,462,NULL),(93,463,NULL),(93,515,NULL),(94,201,NULL),(94,203,NULL),(94,205,NULL),(94,597,NULL),(94,701,NULL),(95,121,NULL),(95,122,NULL),(95,165,NULL),(95,236,NULL),(96,86,NULL),(96,88,NULL),(96,90,NULL),(96,170,NULL),(96,334,NULL),(96,540,NULL),(97,277,NULL),(97,524,NULL),(97,528,NULL),(97,532,NULL),(98,211,NULL),(98,390,NULL),(99,251,NULL),(100,185,NULL),(101,196,NULL),(101,467,NULL),(101,471,NULL),(102,206,NULL),(103,309,NULL),(103,310,NULL),(103,558,NULL),(103,620,NULL),(103,683,NULL),(104,27,NULL),(104,29,NULL),(105,72,NULL),(105,265,NULL),(105,272,NULL),(108,16,NULL),(108,17,NULL),(109,579,NULL),(109,580,NULL),(111,108,NULL),(111,113,NULL),(112,583,NULL),(115,234,NULL),(115,239,NULL),(115,576,NULL),(116,37,NULL),(116,40,NULL),(116,438,NULL),(116,439,NULL),(117,92,NULL),(117,94,NULL),(117,97,NULL),(118,85,NULL),(118,194,NULL),(118,764,NULL),(118,765,NULL),(118,768,NULL),(119,197,NULL),(120,499,NULL),(120,502,NULL),(122,335,NULL),(122,340,NULL),(122,343,NULL),(122,607,NULL),(122,608,NULL),(122,611,NULL),(123,710,NULL),(124,257,NULL),(124,304,NULL),(124,307,NULL),(124,407,NULL),(124,408,NULL),(126,95,NULL),(126,634,NULL),(129,603,NULL),(129,604,NULL),(129,652,NULL),(129,654,NULL),(130,757,NULL),(130,760,NULL),(131,440,NULL),(133,337,NULL),(133,339,NULL),(134,480,NULL),(134,483,NULL),(134,712,NULL),(134,713,NULL),(135,366,NULL),(135,581,NULL),(136,96,NULL),(136,363,NULL),(136,367,NULL),(136,509,NULL),(137,204,NULL),(139,421,NULL),(139,424,NULL),(139,427,NULL),(139,432,NULL),(139,434,NULL),(139,568,NULL),(139,569,NULL),(143,36,NULL),(143,39,NULL),(143,396,NULL),(143,401,NULL),(143,653,NULL),(143,659,NULL),(145,295,NULL),(145,296,NULL),(145,650,NULL),(145,655,NULL),(145,657,NULL),(146,66,NULL),(147,732,NULL),(148,429,NULL),(149,409,NULL),(149,510,NULL),(149,541,NULL),(149,563,NULL),(149,566,NULL),(149,570,NULL),(150,256,NULL),(150,433,NULL),(150,435,NULL),(152,167,NULL),(156,153,NULL),(156,158,NULL),(157,413,NULL),(159,74,NULL),(159,76,NULL),(159,77,NULL),(160,546,NULL),(161,623,NULL),(163,28,NULL),(163,494,NULL),(163,497,NULL),(163,501,NULL),(164,685,NULL),(165,19,NULL),(165,21,NULL),(165,24,NULL),(165,110,NULL),(167,224,NULL),(167,492,NULL),(167,493,NULL),(167,688,NULL),(167,689,NULL),(168,199,NULL),(168,202,NULL),(172,454,NULL),(177,132,NULL),(177,133,NULL),(177,495,NULL),(177,498,NULL),(178,372,NULL),(178,410,NULL),(178,430,NULL),(178,431,NULL),(180,120,NULL),(180,631,NULL),(180,632,NULL),(182,179,NULL),(182,182,NULL),(183,79,NULL),(187,488,NULL),(187,490,NULL),(188,67,NULL),(188,71,NULL),(188,303,NULL),(188,473,NULL),(189,253,NULL),(189,526,NULL),(189,527,NULL),(192,668,NULL),(192,670,NULL),(194,368,NULL),(194,369,NULL),(194,391,NULL),(195,487,NULL),(195,491,NULL),(198,364,NULL),(199,638,NULL),(199,643,NULL),(199,645,NULL),(200,63,NULL),(200,73,NULL),(200,294,NULL),(200,299,NULL),(200,374,NULL),(200,375,NULL),(1,320,1),(1,321,1),(4,102,2),(15,572,3),(15,573,3),(21,130,4),(21,135,4),(21,585,4),(21,592,4),(34,34,5),(34,35,5),(34,662,5),(35,223,6),(35,226,6),(44,412,7),(46,139,8),(46,297,8),(46,298,8),(53,658,9),(54,33,10),(67,81,11),(67,87,11),(67,134,11),(67,136,11),(70,187,12),(70,192,12),(70,442,12),(70,484,12),(70,485,12),(70,723,12),(70,727,12),(76,129,13),(76,472,13),(80,763,14),(85,354,15),(92,330,16),(100,184,17),(100,186,17),(100,362,17),(100,476,17),(100,477,17),(100,535,17),(100,538,17),(106,705,18),(107,302,19),(107,554,19),(107,595,19),(110,26,20),(113,124,21),(113,496,21),(116,10,22),(116,13,22),(116,38,22),(116,437,22),(121,736,23),(126,93,24),(126,98,24),(126,625,24),(126,627,24),(127,9,25),(127,12,25),(132,514,26),(132,516,26),(138,5,27),(141,425,28),(141,428,28),(142,64,29),(142,70,29),(146,65,30),(146,119,30),(146,123,30),(146,453,30),(146,458,30),(148,746,31);
/*!40000 ALTER TABLE `zamowienie_egzemplarz` ENABLE KEYS */;
UNLOCK TABLES;

--
-- Table structure for table `zamowienie_wariant`
--

DROP TABLE IF EXISTS `zamowienie_wariant`;
/*!40101 SET @saved_cs_client     = @@character_set_client */;
/*!50503 SET character_set_client = utf8mb4 */;
CREATE TABLE `zamowienie_wariant` (
  `zamowienie_id` int NOT NULL,
  `wariant_id` int NOT NULL,
  `ilosc` int NOT NULL,
  `cena` float NOT NULL,
  PRIMARY KEY (`zamowienie_id`,`wariant_id`),
  KEY `fk_zamowienie_wariant_zamowienie1_idx` (`zamowienie_id`),
  KEY `fk_zamowienie_wariant_wariant1_idx` (`wariant_id`),
  CONSTRAINT `fk_zamowienie_wariant_wariant1` FOREIGN KEY (`wariant_id`) REFERENCES `wariant` (`wariant_id`),
  CONSTRAINT `fk_zamowienie_wariant_zamowienie1` FOREIGN KEY (`zamowienie_id`) REFERENCES `zamowienie` (`zamowienie_id`)
) ENGINE=InnoDB DEFAULT CHARSET=utf8mb4 COLLATE=utf8mb4_0900_ai_ci;
/*!40101 SET character_set_client = @saved_cs_client */;

--
-- Dumping data for table `zamowienie_wariant`
--

LOCK TABLES `zamowienie_wariant` WRITE;
/*!40000 ALTER TABLE `zamowienie_wariant` DISABLE KEYS */;
INSERT INTO `zamowienie_wariant` VALUES (1,43,2,85.34),(2,37,2,93.65),(2,50,1,51.76),(2,79,3,86.19),(2,96,1,131.98),(3,7,3,53),(3,24,3,135.65),(3,77,3,55.25),(3,101,2,48.46),(4,14,3,83.82),(4,38,3,95.77),(4,51,3,97.7),(5,14,3,83.82),(5,73,1,33.4),(5,76,2,22.92),(6,69,2,63.78),(6,92,1,57.32),(6,96,2,131.98),(6,99,2,118.61),(7,55,2,62.01),(7,101,1,48.46),(8,95,1,34.15),(9,3,3,39.23),(9,13,2,38.36),(9,46,3,142.12),(10,44,3,59.38),(10,93,2,48.2),(11,20,2,95.44),(11,37,1,93.65),(11,84,1,54.6),(12,96,2,131.98),(13,28,1,74.64),(14,17,3,113.99),(15,76,2,22.92),(15,100,3,71.01),(16,35,2,102.6),(16,58,2,54.96),(17,22,1,84.05),(17,74,3,146),(18,31,3,56.36),(18,74,2,146),(19,63,3,122.76),(19,98,3,39.48),(20,30,1,56.41),(20,96,2,131.98),(21,17,2,113.99),(21,18,1,140.7),(21,78,3,106.09),(21,81,3,80.19),(22,8,3,52.08),(22,46,2,142.12),(22,52,1,75.94),(22,69,1,63.78),(23,32,1,28.77),(23,57,3,119.23),(24,10,2,61.62),(24,45,3,67.41),(25,48,3,43.43),(26,22,1,84.05),(26,36,2,59),(26,78,3,106.09),(27,15,1,24.5),(27,36,1,59),(27,70,1,54.12),(27,93,2,48.2),(28,25,2,44.46),(28,46,1,142.12),(28,75,1,137.33),(29,38,3,95.77),(30,72,1,93.2),(31,31,1,56.36),(32,36,3,59),(32,43,1,85.34),(32,52,2,75.94),(33,80,2,139.44),(33,87,2,136.77),(34,5,2,130.27),(34,87,3,136.77),(35,30,3,56.41),(36,11,2,121.02),(36,66,1,125.22),(37,87,1,136.77),(37,96,2,131.98),(37,100,3,71.01),(38,40,2,107.42),(38,54,3,120.24),(38,92,1,57.32),(39,61,2,67.68),(40,64,2,79.93),(41,36,3,59),(41,84,1,54.6),(42,29,2,24.2),(42,44,2,59.38),(42,53,3,83.25),(42,89,3,134.75),(43,83,1,105.44),(44,56,2,125.26),(45,37,2,93.65),(46,5,1,130.27),(46,18,2,140.7),(46,39,2,102.09),(47,73,2,33.4),(48,85,2,80.19),(49,29,1,24.2),(50,91,2,95.09),(51,49,1,57.11),(51,53,3,83.25),(51,67,3,79.84),(51,74,2,146),(52,82,2,47.27),(52,91,1,95.09),(53,86,2,79.32),(54,5,2,130.27),(55,1,3,89.45),(55,29,3,24.2),(55,52,1,75.94),(56,58,3,54.96),(56,67,2,79.84),(56,70,3,54.12),(56,82,1,47.27),(57,18,1,140.7),(58,22,2,84.05),(59,20,1,95.44),(59,90,2,136.65),(60,11,1,121.02),(60,20,3,95.44),(60,34,3,123.15),(60,73,2,33.4),(61,47,1,119.75),(61,61,1,67.68),(61,92,1,57.32),(62,19,3,142.53),(63,53,1,83.25),(64,8,1,52.08),(64,21,1,49.42),(65,72,1,93.2),(66,23,3,72.15),(66,45,1,67.41),(66,81,1,80.19),(66,86,2,79.32),(67,11,2,121.02),(67,18,2,140.7),(67,29,1,24.2),(68,38,1,95.77),(68,85,2,80.19),(68,90,1,136.65),(69,15,2,24.5),(69,21,1,49.42),(69,79,3,86.19),(70,25,3,44.46),(70,61,1,67.68),(70,64,2,79.93),(70,96,3,131.98),(71,28,3,74.64),(72,64,2,79.93),(72,88,2,35.18),(72,90,1,136.65),(73,20,3,95.44),(74,19,2,142.53),(75,8,1,52.08),(75,63,2,122.76),(75,69,3,63.78),(76,17,2,113.99),(76,63,2,122.76),(77,24,1,135.65),(77,26,2,147.61),(77,76,2,22.92),(77,90,3,136.65),(78,54,1,120.24),(79,4,1,69.47),(79,102,3,104.65),(80,102,1,104.65),(81,25,3,44.46),(81,30,2,56.41),(81,41,1,112.4),(82,13,1,38.36),(82,15,3,24.5),(82,97,2,87.41),(83,3,1,39.23),(84,33,3,97.33),(84,38,1,95.77),(84,84,2,54.6),(85,47,1,119.75),(86,53,2,83.25),(86,69,1,63.78),(86,78,2,106.09),(87,70,1,54.12),(87,89,1,134.75),(88,32,2,28.77),(88,97,2,87.41),(89,1,3,89.45),(89,35,3,102.6),(89,61,1,67.68),(89,63,2,122.76),(90,29,3,24.2),(90,45,2,67.41),(90,55,2,62.01),(90,71,3,23.11),(91,44,1,59.38),(91,47,1,119.75),(91,71,1,23.11),(92,44,2,59.38),(93,62,3,110.72),(93,68,1,41.21),(94,27,3,61.5),(94,79,1,86.19),(94,94,1,70.68),(95,16,2,124.28),(95,21,1,49.42),(95,32,1,28.77),(96,11,3,121.02),(96,22,1,84.05),(96,45,1,67.41),(96,71,1,23.11),(97,37,1,93.65),(97,70,3,54.12),(98,28,1,74.64),(98,53,1,83.25),(99,34,1,123.15),(100,25,3,44.46),(100,49,1,57.11),(100,64,2,79.93),(100,71,2,23.11),(101,26,1,147.61),(101,63,2,122.76),(102,27,1,61.5),(103,41,2,112.4),(103,74,1,146),(103,82,1,47.27),(103,91,1,95.09),(104,4,2,69.47),(105,9,1,121.26),(105,36,2,59),(106,94,1,70.68),(107,40,1,107.42),(107,73,1,33.4),(107,79,1,86.19),(108,3,2,39.23),(109,77,2,55.25),(110,4,1,69.47),(111,15,2,24.5),(112,77,1,55.25),(113,16,1,124.28),(113,66,1,125.22),(115,32,2,28.77),(115,76,1,22.92),(116,2,2,37.04),(116,5,3,130.27),(116,60,3,112.44),(117,12,3,60.41),(118,11,1,121.02),(118,26,1,147.61),(118,102,3,104.65),(119,26,1,147.61),(120,66,2,125.22),(121,98,1,39.48),(122,45,3,67.41),(122,81,3,80.19),(123,95,1,34.15),(124,35,1,102.6),(124,40,2,107.42),(124,56,2,125.26),(126,12,3,60.41),(126,83,3,105.44),(127,2,2,37.04),(129,80,2,139.44),(129,86,2,79.32),(130,101,2,48.46),(131,61,1,67.68),(132,68,2,41.21),(133,45,2,67.41),(134,64,2,79.93),(134,95,2,34.15),(135,49,1,57.11),(135,77,1,55.25),(136,12,1,60.41),(136,49,2,57.11),(136,67,1,79.84),(137,27,1,61.5),(138,1,1,89.45),(139,58,3,54.96),(139,59,2,103.91),(139,75,2,137.33),(141,58,2,54.96),(142,9,2,121.26),(143,5,2,130.27),(143,54,2,120.24),(143,86,2,79.32),(145,39,2,102.09),(145,86,3,79.32),(146,9,2,121.26),(146,16,2,124.28),(146,62,2,110.72),(147,98,1,39.48),(148,59,1,103.91),(148,99,1,118.61),(149,56,1,125.26),(149,67,1,79.84),(149,72,1,93.2),(149,75,3,137.33),(150,35,1,102.6),(150,59,2,103.91),(152,22,1,84.05),(156,20,2,95.44),(157,56,1,125.26),(159,10,3,61.62),(160,73,1,33.4),(161,83,1,105.44),(163,4,1,69.47),(163,66,3,125.22),(164,91,1,95.09),(165,3,3,39.23),(165,15,1,24.5),(167,30,1,56.41),(167,65,2,102.7),(167,91,2,95.09),(168,27,2,61.5),(172,62,1,110.72),(177,17,2,113.99),(177,66,2,125.22),(178,50,1,51.76),(178,56,1,125.26),(178,59,2,103.91),(180,16,1,124.28),(180,83,2,105.44),(182,24,2,135.65),(183,10,1,61.62),(187,65,2,102.7),(188,9,2,121.26),(188,40,1,107.42),(188,63,1,122.76),(189,34,1,123.15),(189,70,2,54.12),(192,88,2,35.18),(194,49,2,57.11),(194,53,1,83.25),(195,65,2,102.7),(198,49,1,57.11),(199,84,3,54.6),(200,9,2,121.26),(200,39,2,102.09),(200,50,2,51.76);
/*!40000 ALTER TABLE `zamowienie_wariant` ENABLE KEYS */;
UNLOCK TABLES;
/*!50003 SET @saved_cs_client      = @@character_set_client */ ;
/*!50003 SET @saved_cs_results     = @@character_set_results */ ;
/*!50003 SET @saved_col_connection = @@collation_connection */ ;
/*!50003 SET character_set_client  = utf8mb4 */ ;
/*!50003 SET character_set_results = utf8mb4 */ ;
/*!50003 SET collation_connection  = utf8mb4_0900_ai_ci */ ;
/*!50003 SET @saved_sql_mode       = @@sql_mode */ ;
/*!50003 SET sql_mode              = 'ONLY_FULL_GROUP_BY,STRICT_TRANS_TABLES,NO_ZERO_IN_DATE,NO_ZERO_DATE,ERROR_FOR_DIVISION_BY_ZERO,NO_ENGINE_SUBSTITUTION' */ ;
DELIMITER ;;
/*!50003 CREATE*/ /*!50017 DEFINER=`admin`@`localhost`*/ /*!50003 TRIGGER `weryfikacja_ilosci_sztuk_wariantu` BEFORE INSERT ON `zamowienie_wariant` FOR EACH ROW BEGIN
	IF NEW.ilosc IS  NULL or NEW.ilosc < 1 THEN
		SIGNAL SQLSTATE '45000'
		SET MESSAGE_TEXT = 'Błąd: ilosc musi być wieksza lub rowna 1';
	END IF;
END */;;
DELIMITER ;
/*!50003 SET sql_mode              = @saved_sql_mode */ ;
/*!50003 SET character_set_client  = @saved_cs_client */ ;
/*!50003 SET character_set_results = @saved_cs_results */ ;
/*!50003 SET collation_connection  = @saved_col_connection */ ;

--
-- Table structure for table `zwrot`
--

DROP TABLE IF EXISTS `zwrot`;
/*!40101 SET @saved_cs_client     = @@character_set_client */;
/*!50503 SET character_set_client = utf8mb4 */;
CREATE TABLE `zwrot` (
  `zwrot_id` int NOT NULL AUTO_INCREMENT,
  `data_utworzenia` datetime NOT NULL DEFAULT CURRENT_TIMESTAMP,
  `powod_zwrotu` enum('niepasujacy_rozmiar','inny_kolor_niz_oczekiwany','wada_produktu','uszkodzenie_w_transporcie','produkt_niezgodny_z_opisem','nie_spelnia_oczekiwan','pomylone_zamowienie','inna_przyczyna') NOT NULL,
  `status_zwrotu` enum('zgloszony','w_drodze','odebrany','zaakceptowany','odrzucony','zrefundowany') NOT NULL,
  `data_odebrania_produktow` datetime DEFAULT NULL,
  `data_zakonczenia` datetime DEFAULT NULL,
  PRIMARY KEY (`zwrot_id`)
) ENGINE=InnoDB AUTO_INCREMENT=32 DEFAULT CHARSET=utf8mb4 COLLATE=utf8mb4_0900_ai_ci;
/*!40101 SET character_set_client = @saved_cs_client */;

--
-- Dumping data for table `zwrot`
--

LOCK TABLES `zwrot` WRITE;
/*!40000 ALTER TABLE `zwrot` DISABLE KEYS */;
INSERT INTO `zwrot` VALUES (1,'2026-05-19 09:00:53','inna_przyczyna','zrefundowany','2026-05-22 10:14:12','2026-05-23 15:51:30'),(2,'2026-04-23 06:31:57','inny_kolor_niz_oczekiwany','zgloszony','2026-04-19 17:21:47',NULL),(3,'2026-04-30 00:59:52','niepasujacy_rozmiar','zrefundowany','2026-04-29 13:55:48','2026-05-03 05:20:56'),(4,'2026-01-24 04:12:07','produkt_niezgodny_z_opisem','zaakceptowany','2026-01-23 16:39:42',NULL),(5,'2026-06-21 17:03:55','inna_przyczyna','zrefundowany','2026-06-24 00:00:17','2026-06-29 01:30:38'),(6,'2026-02-01 03:19:01','produkt_niezgodny_z_opisem','zaakceptowany','2026-02-04 13:31:57',NULL),(7,'2026-05-31 07:05:26','pomylone_zamowienie','odrzucony','2026-05-17 12:25:47','2026-05-21 18:04:56'),(8,'2026-04-13 03:29:59','niepasujacy_rozmiar','odrzucony','2026-04-20 07:03:54','2026-04-23 20:00:58'),(9,'2026-01-28 05:03:28','pomylone_zamowienie','w_drodze','2026-02-06 05:02:48',NULL),(10,'2026-02-03 15:43:50','produkt_niezgodny_z_opisem','zrefundowany','2026-02-06 05:16:56','2026-02-06 16:02:32'),(11,'2026-04-11 00:50:31','wada_produktu','odebrany','2026-04-18 21:37:10',NULL),(12,'2026-03-08 18:29:57','uszkodzenie_w_transporcie','odrzucony','2026-03-10 16:29:54','2026-03-14 19:58:12'),(13,'2026-02-15 11:13:11','inny_kolor_niz_oczekiwany','odebrany','2026-02-17 00:47:43',NULL),(14,'2026-03-20 20:11:02','uszkodzenie_w_transporcie','odebrany','2026-03-17 22:51:35',NULL),(15,'2026-04-12 03:11:00','inny_kolor_niz_oczekiwany','w_drodze','2026-04-07 22:27:30',NULL),(16,'2026-02-13 03:39:26','produkt_niezgodny_z_opisem','zaakceptowany','2026-02-15 23:43:59',NULL),(17,'2026-02-11 19:46:49','uszkodzenie_w_transporcie','zaakceptowany','2026-02-10 00:53:43',NULL),(18,'2026-02-13 04:29:54','wada_produktu','zrefundowany','2026-02-17 19:01:47','2026-02-18 11:51:43'),(19,'2026-04-05 23:05:01','produkt_niezgodny_z_opisem','zaakceptowany','2026-03-26 11:53:32',NULL),(20,'2026-01-27 17:38:04','nie_spelnia_oczekiwan','zrefundowany','2026-01-31 02:33:31','2026-02-02 16:47:38'),(21,'2026-03-21 17:03:05','wada_produktu','zrefundowany','2026-03-23 04:44:17','2026-03-29 02:45:55'),(22,'2026-01-28 18:59:07','inna_przyczyna','odrzucony','2026-01-18 04:41:09','2026-01-22 15:01:28'),(23,'2026-05-18 02:44:46','niepasujacy_rozmiar','odrzucony','2026-05-15 08:06:38','2026-05-15 17:39:02'),(24,'2026-05-02 15:50:44','wada_produktu','zgloszony','2026-05-07 09:44:16',NULL),(25,'2026-02-10 05:30:48','inna_przyczyna','zrefundowany','2026-02-14 02:19:54','2026-02-22 10:05:03'),(26,'2026-03-17 13:06:36','wada_produktu','odebrany','2026-03-07 05:47:10',NULL),(27,'2026-03-28 19:17:58','inny_kolor_niz_oczekiwany','odebrany','2026-03-27 15:22:44',NULL),(28,'2026-06-09 04:29:43','inny_kolor_niz_oczekiwany','odrzucony','2026-06-11 18:34:03','2026-06-16 12:20:10'),(29,'2026-03-22 08:19:47','inny_kolor_niz_oczekiwany','odebrany','2026-03-28 09:14:54',NULL),(30,'2026-06-07 20:48:47','inna_przyczyna','odrzucony','2026-06-01 04:13:04','2026-06-01 09:10:17'),(31,'2026-02-27 08:22:49','wada_produktu','zgloszony','2026-02-25 23:50:16',NULL);
/*!40000 ALTER TABLE `zwrot` ENABLE KEYS */;
UNLOCK TABLES;

--
-- Dumping events for database 'sklep'
--

--
-- Dumping routines for database 'sklep'
--
/*!50003 DROP FUNCTION IF EXISTS `f_daj_kategoria_id` */;
/*!50003 SET @saved_cs_client      = @@character_set_client */ ;
/*!50003 SET @saved_cs_results     = @@character_set_results */ ;
/*!50003 SET @saved_col_connection = @@collation_connection */ ;
/*!50003 SET character_set_client  = utf8mb4 */ ;
/*!50003 SET character_set_results = utf8mb4 */ ;
/*!50003 SET collation_connection  = utf8mb4_0900_ai_ci */ ;
/*!50003 SET @saved_sql_mode       = @@sql_mode */ ;
/*!50003 SET sql_mode              = 'ONLY_FULL_GROUP_BY,STRICT_TRANS_TABLES,NO_ZERO_IN_DATE,NO_ZERO_DATE,ERROR_FOR_DIVISION_BY_ZERO,NO_ENGINE_SUBSTITUTION' */ ;
DELIMITER ;;
CREATE DEFINER=`admin`@`localhost` FUNCTION `f_daj_kategoria_id`(p_kategoria_nazwa VARCHAR(45)) RETURNS int
    DETERMINISTIC
BEGIN
	DECLARE kategoria_id INT DEFAULT NULL;

    SELECT ka.kategoria_id INTO kategoria_id
	FROM kategoria ka
    WHERE ka.nazwa = p_kategoria_nazwa
    LIMIT 1;
    
    RETURN kategoria_id ;
END ;;
DELIMITER ;
/*!50003 SET sql_mode              = @saved_sql_mode */ ;
/*!50003 SET character_set_client  = @saved_cs_client */ ;
/*!50003 SET character_set_results = @saved_cs_results */ ;
/*!50003 SET collation_connection  = @saved_col_connection */ ;
/*!50003 DROP FUNCTION IF EXISTS `f_daj_status_zamowienia` */;
/*!50003 SET @saved_cs_client      = @@character_set_client */ ;
/*!50003 SET @saved_cs_results     = @@character_set_results */ ;
/*!50003 SET @saved_col_connection = @@collation_connection */ ;
/*!50003 SET character_set_client  = utf8mb4 */ ;
/*!50003 SET character_set_results = utf8mb4 */ ;
/*!50003 SET collation_connection  = utf8mb4_0900_ai_ci */ ;
/*!50003 SET @saved_sql_mode       = @@sql_mode */ ;
/*!50003 SET sql_mode              = 'ONLY_FULL_GROUP_BY,STRICT_TRANS_TABLES,NO_ZERO_IN_DATE,NO_ZERO_DATE,ERROR_FOR_DIVISION_BY_ZERO,NO_ENGINE_SUBSTITUTION' */ ;
DELIMITER ;;
CREATE DEFINER=`admin`@`localhost` FUNCTION `f_daj_status_zamowienia`(
    p_zamowienie_id INT
) RETURNS varchar(45) CHARSET utf8mb4
    DETERMINISTIC
BEGIN
    DECLARE v_status VARCHAR(45) DEFAULT NULL;

    SELECT z.status
    INTO v_status
    FROM zamowienie z
    WHERE z.zamowienie_id = p_zamowienie_id
    LIMIT 1;

    RETURN v_status;
END ;;
DELIMITER ;
/*!50003 SET sql_mode              = @saved_sql_mode */ ;
/*!50003 SET character_set_client  = @saved_cs_client */ ;
/*!50003 SET character_set_results = @saved_cs_results */ ;
/*!50003 SET collation_connection  = @saved_col_connection */ ;
/*!50003 DROP FUNCTION IF EXISTS `f_ilosc_dostepnych_sztuk_wariantu` */;
/*!50003 SET @saved_cs_client      = @@character_set_client */ ;
/*!50003 SET @saved_cs_results     = @@character_set_results */ ;
/*!50003 SET @saved_col_connection = @@collation_connection */ ;
/*!50003 SET character_set_client  = utf8mb4 */ ;
/*!50003 SET character_set_results = utf8mb4 */ ;
/*!50003 SET collation_connection  = utf8mb4_0900_ai_ci */ ;
/*!50003 SET @saved_sql_mode       = @@sql_mode */ ;
/*!50003 SET sql_mode              = 'ONLY_FULL_GROUP_BY,STRICT_TRANS_TABLES,NO_ZERO_IN_DATE,NO_ZERO_DATE,ERROR_FOR_DIVISION_BY_ZERO,NO_ENGINE_SUBSTITUTION' */ ;
DELIMITER ;;
CREATE DEFINER=`admin`@`localhost` FUNCTION `f_ilosc_dostepnych_sztuk_wariantu`(p_wariant_id INT) RETURNS int
    DETERMINISTIC
BEGIN
	DECLARE ilosc INT;
	SET ilosc = 0;

    SELECT COUNT(*) INTO ilosc
	FROM wariant w
    JOIN egzemplarz e ON e.wariant_id = p_wariant_id
    WHERE w.wariant_id = e.wariant_id
		AND e.status = 'na_stanie';

    RETURN ilosc ;
END ;;
DELIMITER ;
/*!50003 SET sql_mode              = @saved_sql_mode */ ;
/*!50003 SET character_set_client  = @saved_cs_client */ ;
/*!50003 SET character_set_results = @saved_cs_results */ ;
/*!50003 SET collation_connection  = @saved_col_connection */ ;
/*!50003 DROP FUNCTION IF EXISTS `f_ilosc_kupionych_sztuk_konto` */;
/*!50003 SET @saved_cs_client      = @@character_set_client */ ;
/*!50003 SET @saved_cs_results     = @@character_set_results */ ;
/*!50003 SET @saved_col_connection = @@collation_connection */ ;
/*!50003 SET character_set_client  = utf8mb4 */ ;
/*!50003 SET character_set_results = utf8mb4 */ ;
/*!50003 SET collation_connection  = utf8mb4_0900_ai_ci */ ;
/*!50003 SET @saved_sql_mode       = @@sql_mode */ ;
/*!50003 SET sql_mode              = 'ONLY_FULL_GROUP_BY,STRICT_TRANS_TABLES,NO_ZERO_IN_DATE,NO_ZERO_DATE,ERROR_FOR_DIVISION_BY_ZERO,NO_ENGINE_SUBSTITUTION' */ ;
DELIMITER ;;
CREATE DEFINER=`admin`@`localhost` FUNCTION `f_ilosc_kupionych_sztuk_konto`( p_konto_id INT) RETURNS int
    DETERMINISTIC
BEGIN

	DECLARE v_liczba_kupionych_sztuk INT DEFAULT 0;
    
	SELECT COUNT(*) 
	INTO v_liczba_kupionych_sztuk
    FROM konto ko
    LEFT JOIN zamowienie za USING(konto_id)
    LEFT JOIN zamowienie_egzemplarz z_e USING(zamowienie_id)
    WHERE ko.konto_id = p_konto_id
		AND za.status <> 'anulowane'
		AND z_e.zwrot_id IS NULL
	GROUP BY ko.konto_id;
        
RETURN v_liczba_kupionych_sztuk;
END ;;
DELIMITER ;
/*!50003 SET sql_mode              = @saved_sql_mode */ ;
/*!50003 SET character_set_client  = @saved_cs_client */ ;
/*!50003 SET character_set_results = @saved_cs_results */ ;
/*!50003 SET collation_connection  = @saved_col_connection */ ;
/*!50003 DROP FUNCTION IF EXISTS `f_liczba_zamowien_konta` */;
/*!50003 SET @saved_cs_client      = @@character_set_client */ ;
/*!50003 SET @saved_cs_results     = @@character_set_results */ ;
/*!50003 SET @saved_col_connection = @@collation_connection */ ;
/*!50003 SET character_set_client  = utf8mb4 */ ;
/*!50003 SET character_set_results = utf8mb4 */ ;
/*!50003 SET collation_connection  = utf8mb4_0900_ai_ci */ ;
/*!50003 SET @saved_sql_mode       = @@sql_mode */ ;
/*!50003 SET sql_mode              = 'ONLY_FULL_GROUP_BY,STRICT_TRANS_TABLES,NO_ZERO_IN_DATE,NO_ZERO_DATE,ERROR_FOR_DIVISION_BY_ZERO,NO_ENGINE_SUBSTITUTION' */ ;
DELIMITER ;;
CREATE DEFINER=`admin`@`localhost` FUNCTION `f_liczba_zamowien_konta`(
    p_konto_id INT
) RETURNS int
    DETERMINISTIC
BEGIN
    DECLARE v_liczba INT;

    SELECT COUNT(*)
    INTO v_liczba
    FROM zamowienie za
    WHERE za.konto_id = p_konto_id;

    RETURN v_liczba;
END ;;
DELIMITER ;
/*!50003 SET sql_mode              = @saved_sql_mode */ ;
/*!50003 SET character_set_client  = @saved_cs_client */ ;
/*!50003 SET character_set_results = @saved_cs_results */ ;
/*!50003 SET collation_connection  = @saved_col_connection */ ;
/*!50003 DROP FUNCTION IF EXISTS `f_suma_wydatkow_konta` */;
/*!50003 SET @saved_cs_client      = @@character_set_client */ ;
/*!50003 SET @saved_cs_results     = @@character_set_results */ ;
/*!50003 SET @saved_col_connection = @@collation_connection */ ;
/*!50003 SET character_set_client  = utf8mb4 */ ;
/*!50003 SET character_set_results = utf8mb4 */ ;
/*!50003 SET collation_connection  = utf8mb4_0900_ai_ci */ ;
/*!50003 SET @saved_sql_mode       = @@sql_mode */ ;
/*!50003 SET sql_mode              = 'ONLY_FULL_GROUP_BY,STRICT_TRANS_TABLES,NO_ZERO_IN_DATE,NO_ZERO_DATE,ERROR_FOR_DIVISION_BY_ZERO,NO_ENGINE_SUBSTITUTION' */ ;
DELIMITER ;;
CREATE DEFINER=`admin`@`localhost` FUNCTION `f_suma_wydatkow_konta`(
    p_konto_id INT
) RETURNS decimal(10,2)
    DETERMINISTIC
BEGIN
    DECLARE v_suma DECIMAL(10,2);

    SELECT ROUND(SUM(z_w.ilosc * z_w.cena), 2)
    INTO v_suma
    FROM ((((`klient` kl
        LEFT JOIN `konto` ko ON kl.konto_id = ko.konto_id)
        LEFT JOIN `zamowienie` za ON kl.konto_id = za.konto_id)
        LEFT JOIN `zamowienie_wariant` z_w ON za.zamowienie_id = z_w.zamowienie_id)
        LEFT JOIN `zamowienie_egzemplarz` z_e ON za.zamowienie_id = z_e.zamowienie_id)
    WHERE ko.konto_id = p_konto_id
      AND za.status <> 'anulowane'
      AND z_e.zwrot_id IS NULL;

    RETURN v_suma;
END ;;
DELIMITER ;
/*!50003 SET sql_mode              = @saved_sql_mode */ ;
/*!50003 SET character_set_client  = @saved_cs_client */ ;
/*!50003 SET character_set_results = @saved_cs_results */ ;
/*!50003 SET collation_connection  = @saved_col_connection */ ;
/*!50003 DROP FUNCTION IF EXISTS `f_wartosc_koszyka` */;
/*!50003 SET @saved_cs_client      = @@character_set_client */ ;
/*!50003 SET @saved_cs_results     = @@character_set_results */ ;
/*!50003 SET @saved_col_connection = @@collation_connection */ ;
/*!50003 SET character_set_client  = utf8mb4 */ ;
/*!50003 SET character_set_results = utf8mb4 */ ;
/*!50003 SET collation_connection  = utf8mb4_0900_ai_ci */ ;
/*!50003 SET @saved_sql_mode       = @@sql_mode */ ;
/*!50003 SET sql_mode              = 'ONLY_FULL_GROUP_BY,STRICT_TRANS_TABLES,NO_ZERO_IN_DATE,NO_ZERO_DATE,ERROR_FOR_DIVISION_BY_ZERO,NO_ENGINE_SUBSTITUTION' */ ;
DELIMITER ;;
CREATE DEFINER=`admin`@`localhost` FUNCTION `f_wartosc_koszyka`(
    p_koszyk_id INT
) RETURNS decimal(10,2)
    DETERMINISTIC
BEGIN
    DECLARE v_wartosc DECIMAL(10,2);

    SELECT ROUND(SUM(w_k.ilosc * wa.cena), 2)
    INTO v_wartosc
    FROM wariant_koszyk w_k
    JOIN wariant wa ON wa.wariant_id = w_k.wariant_id
    WHERE w_k.koszyk_id = p_koszyk_id;

    RETURN v_wartosc;
END ;;
DELIMITER ;
/*!50003 SET sql_mode              = @saved_sql_mode */ ;
/*!50003 SET character_set_client  = @saved_cs_client */ ;
/*!50003 SET character_set_results = @saved_cs_results */ ;
/*!50003 SET collation_connection  = @saved_col_connection */ ;
/*!50003 DROP FUNCTION IF EXISTS `f_wartosc_zamowienia` */;
/*!50003 SET @saved_cs_client      = @@character_set_client */ ;
/*!50003 SET @saved_cs_results     = @@character_set_results */ ;
/*!50003 SET @saved_col_connection = @@collation_connection */ ;
/*!50003 SET character_set_client  = utf8mb4 */ ;
/*!50003 SET character_set_results = utf8mb4 */ ;
/*!50003 SET collation_connection  = utf8mb4_0900_ai_ci */ ;
/*!50003 SET @saved_sql_mode       = @@sql_mode */ ;
/*!50003 SET sql_mode              = 'ONLY_FULL_GROUP_BY,STRICT_TRANS_TABLES,NO_ZERO_IN_DATE,NO_ZERO_DATE,ERROR_FOR_DIVISION_BY_ZERO,NO_ENGINE_SUBSTITUTION' */ ;
DELIMITER ;;
CREATE DEFINER=`admin`@`localhost` FUNCTION `f_wartosc_zamowienia`(
    p_zamowienie_id INT
) RETURNS decimal(10,2)
    DETERMINISTIC
BEGIN

	DECLARE v_wartosc DECIMAL(10,2);
    SELECT SUM(p.kwota)
    INTO v_wartosc
    FROM platnosci p
    WHERE p.zamowienie_id = p_zamowienie_id;

    RETURN v_wartosc;
END ;;
DELIMITER ;
/*!50003 SET sql_mode              = @saved_sql_mode */ ;
/*!50003 SET character_set_client  = @saved_cs_client */ ;
/*!50003 SET character_set_results = @saved_cs_results */ ;
/*!50003 SET collation_connection  = @saved_col_connection */ ;
/*!50003 DROP PROCEDURE IF EXISTS `daj_zamownienie_produkt_wariant` */;
/*!50003 SET @saved_cs_client      = @@character_set_client */ ;
/*!50003 SET @saved_cs_results     = @@character_set_results */ ;
/*!50003 SET @saved_col_connection = @@collation_connection */ ;
/*!50003 SET character_set_client  = utf8mb4 */ ;
/*!50003 SET character_set_results = utf8mb4 */ ;
/*!50003 SET collation_connection  = utf8mb4_0900_ai_ci */ ;
/*!50003 SET @saved_sql_mode       = @@sql_mode */ ;
/*!50003 SET sql_mode              = 'ONLY_FULL_GROUP_BY,STRICT_TRANS_TABLES,NO_ZERO_IN_DATE,NO_ZERO_DATE,ERROR_FOR_DIVISION_BY_ZERO,NO_ENGINE_SUBSTITUTION' */ ;
DELIMITER ;;
CREATE DEFINER=`admin`@`localhost` PROCEDURE `daj_zamownienie_produkt_wariant`(IN p_zamowienie_id INT)
BEGIN
SELECT za.zamowienie_id, pr.nazwa, pr.plec, wa.kolor, wa.rozmiar, wa.opis, z_a.cena AS cena_produktu, z_a.ilosc  FROM zamowienie za
JOIN zamowienie_wariant z_a USING(zamowienie_id)
JOIN wariant wa USING(wariant_id)
JOIN produkt pr USING(produkt_id)
WHERE za.zamowienie_id = p_zamowienie_id;
END ;;
DELIMITER ;
/*!50003 SET sql_mode              = @saved_sql_mode */ ;
/*!50003 SET character_set_client  = @saved_cs_client */ ;
/*!50003 SET character_set_results = @saved_cs_results */ ;
/*!50003 SET collation_connection  = @saved_col_connection */ ;
/*!50003 DROP PROCEDURE IF EXISTS `przypisz_produkt_do_kategoria` */;
/*!50003 SET @saved_cs_client      = @@character_set_client */ ;
/*!50003 SET @saved_cs_results     = @@character_set_results */ ;
/*!50003 SET @saved_col_connection = @@collation_connection */ ;
/*!50003 SET character_set_client  = utf8mb4 */ ;
/*!50003 SET character_set_results = utf8mb4 */ ;
/*!50003 SET collation_connection  = utf8mb4_0900_ai_ci */ ;
/*!50003 SET @saved_sql_mode       = @@sql_mode */ ;
/*!50003 SET sql_mode              = 'ONLY_FULL_GROUP_BY,STRICT_TRANS_TABLES,NO_ZERO_IN_DATE,NO_ZERO_DATE,ERROR_FOR_DIVISION_BY_ZERO,NO_ENGINE_SUBSTITUTION' */ ;
DELIMITER ;;
CREATE DEFINER=`admin`@`localhost` PROCEDURE `przypisz_produkt_do_kategoria`(IN p_produkt_id INT, IN p_kategoria_nazwa VARCHAR(45) )
BEGIN
    INSERT INTO produkt_kategoria (produkt_id, kategoria_id)  
    VALUES (p_produkt_id, f_daj_kategoria_id(p_kategoria_nazwa) );
END ;;
DELIMITER ;
/*!50003 SET sql_mode              = @saved_sql_mode */ ;
/*!50003 SET character_set_client  = @saved_cs_client */ ;
/*!50003 SET character_set_results = @saved_cs_results */ ;
/*!50003 SET collation_connection  = @saved_col_connection */ ;
/*!50003 DROP PROCEDURE IF EXISTS `p_daj_zamownienie_produkt_wariant` */;
/*!50003 SET @saved_cs_client      = @@character_set_client */ ;
/*!50003 SET @saved_cs_results     = @@character_set_results */ ;
/*!50003 SET @saved_col_connection = @@collation_connection */ ;
/*!50003 SET character_set_client  = utf8mb4 */ ;
/*!50003 SET character_set_results = utf8mb4 */ ;
/*!50003 SET collation_connection  = utf8mb4_0900_ai_ci */ ;
/*!50003 SET @saved_sql_mode       = @@sql_mode */ ;
/*!50003 SET sql_mode              = 'ONLY_FULL_GROUP_BY,STRICT_TRANS_TABLES,NO_ZERO_IN_DATE,NO_ZERO_DATE,ERROR_FOR_DIVISION_BY_ZERO,NO_ENGINE_SUBSTITUTION' */ ;
DELIMITER ;;
CREATE DEFINER=`admin`@`localhost` PROCEDURE `p_daj_zamownienie_produkt_wariant`(IN p_zamowienie_id INT)
BEGIN
SELECT za.zamowienie_id, pr.nazwa, pr.plec, wa.kolor, wa.rozmiar, wa.opis, z_a.cena AS cena_produktu, z_a.ilosc  FROM zamowienie za
JOIN zamowienie_wariant z_a USING(zamowienie_id)
JOIN wariant wa USING(wariant_id)
JOIN produkt pr USING(produkt_id)
WHERE za.zamowienie_id = p_zamowienie_id;
END ;;
DELIMITER ;
/*!50003 SET sql_mode              = @saved_sql_mode */ ;
/*!50003 SET character_set_client  = @saved_cs_client */ ;
/*!50003 SET character_set_results = @saved_cs_results */ ;
/*!50003 SET collation_connection  = @saved_col_connection */ ;
/*!50003 DROP PROCEDURE IF EXISTS `p_dodaj_do_koszyk` */;
/*!50003 SET @saved_cs_client      = @@character_set_client */ ;
/*!50003 SET @saved_cs_results     = @@character_set_results */ ;
/*!50003 SET @saved_col_connection = @@collation_connection */ ;
/*!50003 SET character_set_client  = utf8mb4 */ ;
/*!50003 SET character_set_results = utf8mb4 */ ;
/*!50003 SET collation_connection  = utf8mb4_0900_ai_ci */ ;
/*!50003 SET @saved_sql_mode       = @@sql_mode */ ;
/*!50003 SET sql_mode              = 'ONLY_FULL_GROUP_BY,STRICT_TRANS_TABLES,NO_ZERO_IN_DATE,NO_ZERO_DATE,ERROR_FOR_DIVISION_BY_ZERO,NO_ENGINE_SUBSTITUTION' */ ;
DELIMITER ;;
CREATE DEFINER=`admin`@`localhost` PROCEDURE `p_dodaj_do_koszyk`(IN p_koszyk_id INT, IN p_wariant_id INT, IN p_ilosc INT)
BEGIN
    IF EXISTS (SELECT 1 FROM wariant_koszyk WHERE koszyk_id = p_koszyk_id AND wariant_id = p_wariant_id) THEN
        UPDATE wariant_koszyk SET ilosc = ilosc + p_ilosc 
        WHERE koszyk_id = p_koszyk_id AND wariant_id = p_wariant_id;
    ELSE
        INSERT INTO wariant_koszyk (koszyk_id, wariant_id, ilosc) VALUES (p_koszyk_id, p_wariant_id, p_ilosc);
    END IF;
END ;;
DELIMITER ;
/*!50003 SET sql_mode              = @saved_sql_mode */ ;
/*!50003 SET character_set_client  = @saved_cs_client */ ;
/*!50003 SET character_set_results = @saved_cs_results */ ;
/*!50003 SET collation_connection  = @saved_col_connection */ ;
/*!50003 DROP PROCEDURE IF EXISTS `p_dodaj_produkt` */;
/*!50003 SET @saved_cs_client      = @@character_set_client */ ;
/*!50003 SET @saved_cs_results     = @@character_set_results */ ;
/*!50003 SET @saved_col_connection = @@collation_connection */ ;
/*!50003 SET character_set_client  = utf8mb4 */ ;
/*!50003 SET character_set_results = utf8mb4 */ ;
/*!50003 SET collation_connection  = utf8mb4_0900_ai_ci */ ;
/*!50003 SET @saved_sql_mode       = @@sql_mode */ ;
/*!50003 SET sql_mode              = 'ONLY_FULL_GROUP_BY,STRICT_TRANS_TABLES,NO_ZERO_IN_DATE,NO_ZERO_DATE,ERROR_FOR_DIVISION_BY_ZERO,NO_ENGINE_SUBSTITUTION' */ ;
DELIMITER ;;
CREATE DEFINER=`admin`@`localhost` PROCEDURE `p_dodaj_produkt`(
	IN p_nazwa_produktu VARCHAR(45),
    IN p_material VARCHAR(45),      
    IN p_plec VARCHAR(45),          
    
    IN p_kategoria_nazwa VARCHAR(45),
    
    IN p_dostawca_nazwa VARCHAR(45) 
)
BEGIN
DECLARE v_produkt_id INT;
DECLARE v_wariant_id INT;
DECLARE v_kategoria_id INT;
DECLARE v_magazyn_id INT;
 START TRANSACTION;


    INSERT INTO produkt (nazwa, material, plec)
    VALUES (p_nazwa_produktu, p_material, p_plec);

    SET v_produkt_id = LAST_INSERT_ID();

    
	call przypisz_produkt_do_kategoria(v_produkt_id, p_kategoria_nazwa);

	INSERT INTO dostawca_produktow (nazwa_firmy, produkt_id)
    VALUES (p_dostawca_nazwa, v_produkt_id);
    COMMIT;
END ;;
DELIMITER ;
/*!50003 SET sql_mode              = @saved_sql_mode */ ;
/*!50003 SET character_set_client  = @saved_cs_client */ ;
/*!50003 SET character_set_results = @saved_cs_results */ ;
/*!50003 SET collation_connection  = @saved_col_connection */ ;
/*!50003 DROP PROCEDURE IF EXISTS `p_promocja_na_kategoria` */;
/*!50003 SET @saved_cs_client      = @@character_set_client */ ;
/*!50003 SET @saved_cs_results     = @@character_set_results */ ;
/*!50003 SET @saved_col_connection = @@collation_connection */ ;
/*!50003 SET character_set_client  = utf8mb4 */ ;
/*!50003 SET character_set_results = utf8mb4 */ ;
/*!50003 SET collation_connection  = utf8mb4_0900_ai_ci */ ;
/*!50003 SET @saved_sql_mode       = @@sql_mode */ ;
/*!50003 SET sql_mode              = 'ONLY_FULL_GROUP_BY,STRICT_TRANS_TABLES,NO_ZERO_IN_DATE,NO_ZERO_DATE,ERROR_FOR_DIVISION_BY_ZERO,NO_ENGINE_SUBSTITUTION' */ ;
DELIMITER ;;
CREATE DEFINER=`admin`@`localhost` PROCEDURE `p_promocja_na_kategoria`(
    IN p_kategoria_nazwa VARCHAR(45),
    IN p_procent DECIMAL(5,2)
)
BEGIN
    DECLARE v_kategoria_id INT;

    SET v_kategoria_id = f_daj_kategoria_id(p_kategoria_nazwa);

    UPDATE wariant wa
    JOIN produkt pr ON wa.produkt_id = pr.produkt_id
    JOIN produkt_kategoria pk ON pk.produkt_id = pr.produkt_id
    SET wa.cena = wa.cena * (1 - (p_procent / 100))
    WHERE pk.kategoria_id = v_kategoria_id;
END ;;
DELIMITER ;
/*!50003 SET sql_mode              = @saved_sql_mode */ ;
/*!50003 SET character_set_client  = @saved_cs_client */ ;
/*!50003 SET character_set_results = @saved_cs_results */ ;
/*!50003 SET collation_connection  = @saved_col_connection */ ;
/*!50003 DROP PROCEDURE IF EXISTS `p_przypisz_produkt_do_kategoria` */;
/*!50003 SET @saved_cs_client      = @@character_set_client */ ;
/*!50003 SET @saved_cs_results     = @@character_set_results */ ;
/*!50003 SET @saved_col_connection = @@collation_connection */ ;
/*!50003 SET character_set_client  = utf8mb4 */ ;
/*!50003 SET character_set_results = utf8mb4 */ ;
/*!50003 SET collation_connection  = utf8mb4_0900_ai_ci */ ;
/*!50003 SET @saved_sql_mode       = @@sql_mode */ ;
/*!50003 SET sql_mode              = 'ONLY_FULL_GROUP_BY,STRICT_TRANS_TABLES,NO_ZERO_IN_DATE,NO_ZERO_DATE,ERROR_FOR_DIVISION_BY_ZERO,NO_ENGINE_SUBSTITUTION' */ ;
DELIMITER ;;
CREATE DEFINER=`admin`@`localhost` PROCEDURE `p_przypisz_produkt_do_kategoria`(IN p_produkt_id INT, IN p_kategoria_nazwa VARCHAR(45) )
BEGIN
    INSERT INTO produkt_kategoria (produkt_id, kategoria_id)  
    VALUES (p_produkt_id, f_daj_kategoria_id(p_kategoria_nazwa) );
END ;;
DELIMITER ;
/*!50003 SET sql_mode              = @saved_sql_mode */ ;
/*!50003 SET character_set_client  = @saved_cs_client */ ;
/*!50003 SET character_set_results = @saved_cs_results */ ;
/*!50003 SET collation_connection  = @saved_col_connection */ ;
/*!50003 DROP PROCEDURE IF EXISTS `p_statystyki_klienta` */;
/*!50003 SET @saved_cs_client      = @@character_set_client */ ;
/*!50003 SET @saved_cs_results     = @@character_set_results */ ;
/*!50003 SET @saved_col_connection = @@collation_connection */ ;
/*!50003 SET character_set_client  = utf8mb4 */ ;
/*!50003 SET character_set_results = utf8mb4 */ ;
/*!50003 SET collation_connection  = utf8mb4_0900_ai_ci */ ;
/*!50003 SET @saved_sql_mode       = @@sql_mode */ ;
/*!50003 SET sql_mode              = 'ONLY_FULL_GROUP_BY,STRICT_TRANS_TABLES,NO_ZERO_IN_DATE,NO_ZERO_DATE,ERROR_FOR_DIVISION_BY_ZERO,NO_ENGINE_SUBSTITUTION' */ ;
DELIMITER ;;
CREATE DEFINER=`admin`@`localhost` PROCEDURE `p_statystyki_klienta`(IN p_konto_id INT)
BEGIN
    SELECT k.konto_id, k.imie, k.nazwisko, f_liczba_zamowien_konta(p_konto_id)  AS liczba_zamowien, f_ilosc_kupionych_sztuk_konto(p_konto_id) AS liczba_kupionych_sztuk, f_suma_wydatkow_konta(p_konto_id)AS laczna_suma
    FROM klient k
    WHERE k.konto_id = p_konto_id
    GROUP BY k.klient_id, k.imie, k.nazwisko;
END ;;
DELIMITER ;
/*!50003 SET sql_mode              = @saved_sql_mode */ ;
/*!50003 SET character_set_client  = @saved_cs_client */ ;
/*!50003 SET character_set_results = @saved_cs_results */ ;
/*!50003 SET collation_connection  = @saved_col_connection */ ;
/*!50003 DROP PROCEDURE IF EXISTS `p_szukaj_konto_po_imie_nazwisko` */;
/*!50003 SET @saved_cs_client      = @@character_set_client */ ;
/*!50003 SET @saved_cs_results     = @@character_set_results */ ;
/*!50003 SET @saved_col_connection = @@collation_connection */ ;
/*!50003 SET character_set_client  = utf8mb4 */ ;
/*!50003 SET character_set_results = utf8mb4 */ ;
/*!50003 SET collation_connection  = utf8mb4_0900_ai_ci */ ;
/*!50003 SET @saved_sql_mode       = @@sql_mode */ ;
/*!50003 SET sql_mode              = 'ONLY_FULL_GROUP_BY,STRICT_TRANS_TABLES,NO_ZERO_IN_DATE,NO_ZERO_DATE,ERROR_FOR_DIVISION_BY_ZERO,NO_ENGINE_SUBSTITUTION' */ ;
DELIMITER ;;
CREATE DEFINER=`admin`@`localhost` PROCEDURE `p_szukaj_konto_po_imie_nazwisko`(IN p_klient_imie VARCHAR(45), IN p_klient_nazwisko VARCHAR(45) )
BEGIN
SELECT * FROM klient kl
WHERE kl.imie = p_klient_imie
	AND kl.nazwisko = p_klient_nazwisko;
END ;;
DELIMITER ;
/*!50003 SET sql_mode              = @saved_sql_mode */ ;
/*!50003 SET character_set_client  = @saved_cs_client */ ;
/*!50003 SET character_set_results = @saved_cs_results */ ;
/*!50003 SET collation_connection  = @saved_col_connection */ ;
/*!50003 DROP PROCEDURE IF EXISTS `p_znajdz_zamowienie` */;
/*!50003 SET @saved_cs_client      = @@character_set_client */ ;
/*!50003 SET @saved_cs_results     = @@character_set_results */ ;
/*!50003 SET @saved_col_connection = @@collation_connection */ ;
/*!50003 SET character_set_client  = utf8mb4 */ ;
/*!50003 SET character_set_results = utf8mb4 */ ;
/*!50003 SET collation_connection  = utf8mb4_0900_ai_ci */ ;
/*!50003 SET @saved_sql_mode       = @@sql_mode */ ;
/*!50003 SET sql_mode              = 'ONLY_FULL_GROUP_BY,STRICT_TRANS_TABLES,NO_ZERO_IN_DATE,NO_ZERO_DATE,ERROR_FOR_DIVISION_BY_ZERO,NO_ENGINE_SUBSTITUTION' */ ;
DELIMITER ;;
CREATE DEFINER=`admin`@`localhost` PROCEDURE `p_znajdz_zamowienie`(
    IN p_zamowienie_id INT
)
BEGIN
    SELECT *, f_wartosc_zamowienia(p_zamowienie_id) AS wartosc
    FROM zamowienie za
    WHERE za.zamowienie_id = p_zamowienie_id;
END ;;
DELIMITER ;
/*!50003 SET sql_mode              = @saved_sql_mode */ ;
/*!50003 SET character_set_client  = @saved_cs_client */ ;
/*!50003 SET character_set_results = @saved_cs_results */ ;
/*!50003 SET collation_connection  = @saved_col_connection */ ;
/*!50003 DROP PROCEDURE IF EXISTS `statystyki_klienta` */;
/*!50003 SET @saved_cs_client      = @@character_set_client */ ;
/*!50003 SET @saved_cs_results     = @@character_set_results */ ;
/*!50003 SET @saved_col_connection = @@collation_connection */ ;
/*!50003 SET character_set_client  = utf8mb4 */ ;
/*!50003 SET character_set_results = utf8mb4 */ ;
/*!50003 SET collation_connection  = utf8mb4_0900_ai_ci */ ;
/*!50003 SET @saved_sql_mode       = @@sql_mode */ ;
/*!50003 SET sql_mode              = 'ONLY_FULL_GROUP_BY,STRICT_TRANS_TABLES,NO_ZERO_IN_DATE,NO_ZERO_DATE,ERROR_FOR_DIVISION_BY_ZERO,NO_ENGINE_SUBSTITUTION' */ ;
DELIMITER ;;
CREATE DEFINER=`admin`@`localhost` PROCEDURE `statystyki_klienta`(IN p_konto_id INT)
BEGIN
    SELECT k.imie, k.nazwisko, f_liczba_zamowien_konta(p_konto_id)  AS liczba_zamowien, f_ilosc_kupionych_sztuk_konto(p_konto_id) AS liczba_kupionych_sztuk, f_suma_wydatkow_konta(p_konto_id)AS laczna_suma
    FROM klient k
    WHERE k.konto_id = p_konto_id
    GROUP BY k.klient_id, k.imie, k.nazwisko;
END ;;
DELIMITER ;
/*!50003 SET sql_mode              = @saved_sql_mode */ ;
/*!50003 SET character_set_client  = @saved_cs_client */ ;
/*!50003 SET character_set_results = @saved_cs_results */ ;
/*!50003 SET collation_connection  = @saved_col_connection */ ;
/*!50003 DROP PROCEDURE IF EXISTS `szukaj_konto_po_imie_nazwisko` */;
/*!50003 SET @saved_cs_client      = @@character_set_client */ ;
/*!50003 SET @saved_cs_results     = @@character_set_results */ ;
/*!50003 SET @saved_col_connection = @@collation_connection */ ;
/*!50003 SET character_set_client  = utf8mb4 */ ;
/*!50003 SET character_set_results = utf8mb4 */ ;
/*!50003 SET collation_connection  = utf8mb4_0900_ai_ci */ ;
/*!50003 SET @saved_sql_mode       = @@sql_mode */ ;
/*!50003 SET sql_mode              = 'ONLY_FULL_GROUP_BY,STRICT_TRANS_TABLES,NO_ZERO_IN_DATE,NO_ZERO_DATE,ERROR_FOR_DIVISION_BY_ZERO,NO_ENGINE_SUBSTITUTION' */ ;
DELIMITER ;;
CREATE DEFINER=`admin`@`localhost` PROCEDURE `szukaj_konto_po_imie_nazwisko`(IN p_klient_imie VARCHAR(45), IN p_klient_nazwisko VARCHAR(45) )
BEGIN
SELECT * FROM klient kl
WHERE kl.imie = p_klient_imie
	AND kl.nazwisko = p_klient_nazwisko;
END ;;
DELIMITER ;
/*!50003 SET sql_mode              = @saved_sql_mode */ ;
/*!50003 SET character_set_client  = @saved_cs_client */ ;
/*!50003 SET character_set_results = @saved_cs_results */ ;
/*!50003 SET collation_connection  = @saved_col_connection */ ;
/*!50003 DROP PROCEDURE IF EXISTS `znajdz_zamowienie` */;
/*!50003 SET @saved_cs_client      = @@character_set_client */ ;
/*!50003 SET @saved_cs_results     = @@character_set_results */ ;
/*!50003 SET @saved_col_connection = @@collation_connection */ ;
/*!50003 SET character_set_client  = utf8mb4 */ ;
/*!50003 SET character_set_results = utf8mb4 */ ;
/*!50003 SET collation_connection  = utf8mb4_0900_ai_ci */ ;
/*!50003 SET @saved_sql_mode       = @@sql_mode */ ;
/*!50003 SET sql_mode              = 'ONLY_FULL_GROUP_BY,STRICT_TRANS_TABLES,NO_ZERO_IN_DATE,NO_ZERO_DATE,ERROR_FOR_DIVISION_BY_ZERO,NO_ENGINE_SUBSTITUTION' */ ;
DELIMITER ;;
CREATE DEFINER=`admin`@`localhost` PROCEDURE `znajdz_zamowienie`(
    IN p_zamowienie_id INT
)
BEGIN
    SELECT *, f_wartosc_zamowienia(p_zamowienie_id) AS wartosc
    FROM zamowienie za
    WHERE za.zamowienie_id = p_zamowienie_id;
END ;;
DELIMITER ;
/*!50003 SET sql_mode              = @saved_sql_mode */ ;
/*!50003 SET character_set_client  = @saved_cs_client */ ;
/*!50003 SET character_set_results = @saved_cs_results */ ;
/*!50003 SET collation_connection  = @saved_col_connection */ ;

--
-- Final view structure for view `v_analiza_calej_sprzedazy`
--

/*!50001 DROP VIEW IF EXISTS `v_analiza_calej_sprzedazy`*/;
/*!50001 SET @saved_cs_client          = @@character_set_client */;
/*!50001 SET @saved_cs_results         = @@character_set_results */;
/*!50001 SET @saved_col_connection     = @@collation_connection */;
/*!50001 SET character_set_client      = utf8mb4 */;
/*!50001 SET character_set_results     = utf8mb4 */;
/*!50001 SET collation_connection      = utf8mb4_0900_ai_ci */;
/*!50001 CREATE ALGORITHM=UNDEFINED */
/*!50013 DEFINER=`root`@`localhost` SQL SECURITY DEFINER */
/*!50001 VIEW `v_analiza_calej_sprzedazy` AS select `pr`.`produkt_id` AS `produkt_id`,`pr`.`nazwa` AS `nazwa`,count(0) AS `liczba_sprzedanych` from ((((`produkt` `pr` join `wariant` `wa` on((`pr`.`produkt_id` = `wa`.`produkt_id`))) join `egzemplarz` `eg` on((`wa`.`wariant_id` = `eg`.`wariant_id`))) join `zamowienie_egzemplarz` `z_e` on((`eg`.`egzemplarz_id` = `z_e`.`egzemplarz_id`))) join `zamowienie` `za` on((`z_e`.`zamowienie_id` = `za`.`zamowienie_id`))) where ((`za`.`status` = 'zrealizowane') and (`z_e`.`zwrot_id` is null)) group by `pr`.`produkt_id`,`pr`.`nazwa` */;
/*!50001 SET character_set_client      = @saved_cs_client */;
/*!50001 SET character_set_results     = @saved_cs_results */;
/*!50001 SET collation_connection      = @saved_col_connection */;

--
-- Final view structure for view `v_kategoria_dostepne_wariant_ilosc`
--

/*!50001 DROP VIEW IF EXISTS `v_kategoria_dostepne_wariant_ilosc`*/;
/*!50001 SET @saved_cs_client          = @@character_set_client */;
/*!50001 SET @saved_cs_results         = @@character_set_results */;
/*!50001 SET @saved_col_connection     = @@collation_connection */;
/*!50001 SET character_set_client      = utf8mb4 */;
/*!50001 SET character_set_results     = utf8mb4 */;
/*!50001 SET collation_connection      = utf8mb4_0900_ai_ci */;
/*!50001 CREATE ALGORITHM=UNDEFINED */
/*!50013 DEFINER=`admin`@`localhost` SQL SECURITY DEFINER */
/*!50001 VIEW `v_kategoria_dostepne_wariant_ilosc` AS select `ka`.`kategoria_id` AS `kategoria_id`,`ka`.`nazwa` AS `nazwa`,count(0) AS `ilosc_egzemplarzy` from ((((`kategoria` `ka` left join `produkt_kategoria` `p_k` on((`ka`.`kategoria_id` = `p_k`.`kategoria_id`))) left join `produkt` `pr` on((`p_k`.`produkt_id` = `pr`.`produkt_id`))) left join `wariant` `wa` on((`p_k`.`produkt_id` = `wa`.`produkt_id`))) left join `egzemplarz` `eg` on((`wa`.`wariant_id` = `eg`.`wariant_id`))) where (`eg`.`status` = 'na_stanie') group by `ka`.`kategoria_id` */;
/*!50001 SET character_set_client      = @saved_cs_client */;
/*!50001 SET character_set_results     = @saved_cs_results */;
/*!50001 SET collation_connection      = @saved_col_connection */;

--
-- Final view structure for view `v_klienci_z_conajmniej_1_zamowieniem`
--

/*!50001 DROP VIEW IF EXISTS `v_klienci_z_conajmniej_1_zamowieniem`*/;
/*!50001 SET @saved_cs_client          = @@character_set_client */;
/*!50001 SET @saved_cs_results         = @@character_set_results */;
/*!50001 SET @saved_col_connection     = @@collation_connection */;
/*!50001 SET character_set_client      = utf8mb4 */;
/*!50001 SET character_set_results     = utf8mb4 */;
/*!50001 SET collation_connection      = utf8mb4_0900_ai_ci */;
/*!50001 CREATE ALGORITHM=UNDEFINED */
/*!50013 DEFINER=`root`@`localhost` SQL SECURITY DEFINER */
/*!50001 VIEW `v_klienci_z_conajmniej_1_zamowieniem` AS select distinct `ko`.`konto_id` AS `konto_id`,`ko`.`login` AS `login`,`kl`.`imie` AS `imie`,`kl`.`nazwisko` AS `nazwisko`,`kl`.`email` AS `email`,`kl`.`numer_telefonu` AS `numer_telefonu`,`ad`.`wojewodztwo` AS `wojewodztwo`,`ad`.`adres_ulicy` AS `adres_ulicy`,`ad`.`kod_pocztowy` AS `kod_pocztowy` from ((((`klient` `kl` left join `konto` `ko` on((`kl`.`konto_id` = `ko`.`konto_id`))) left join `adres` `ad` on((`ko`.`adres_id` = `ad`.`adres_id`))) left join `zamowienie` `za` on((`kl`.`konto_id` = `za`.`konto_id`))) left join `zamowienie_egzemplarz` `z_e` on((`za`.`zamowienie_id` = `z_e`.`zamowienie_id`))) where ((`za`.`status` <> 'anulowane') and (`z_e`.`zwrot_id` is null)) order by `ko`.`login` */;
/*!50001 SET character_set_client      = @saved_cs_client */;
/*!50001 SET character_set_results     = @saved_cs_results */;
/*!50001 SET collation_connection      = @saved_col_connection */;

--
-- Final view structure for view `v_klienci_z_wydatkami_powyzej_sredniej`
--

/*!50001 DROP VIEW IF EXISTS `v_klienci_z_wydatkami_powyzej_sredniej`*/;
/*!50001 SET @saved_cs_client          = @@character_set_client */;
/*!50001 SET @saved_cs_results         = @@character_set_results */;
/*!50001 SET @saved_col_connection     = @@collation_connection */;
/*!50001 SET character_set_client      = utf8mb4 */;
/*!50001 SET character_set_results     = utf8mb4 */;
/*!50001 SET collation_connection      = utf8mb4_0900_ai_ci */;
/*!50001 CREATE ALGORITHM=UNDEFINED */
/*!50013 DEFINER=`root`@`localhost` SQL SECURITY DEFINER */
/*!50001 VIEW `v_klienci_z_wydatkami_powyzej_sredniej` AS with `wydatki` as (select `klient`.`klient_id` AS `klient_id`,`klient`.`imie` AS `imie`,`klient`.`nazwisko` AS `nazwisko`,`klient`.`email` AS `email`,sum((`z_w`.`ilosc` * `z_w`.`cena`)) AS `suma_wydatkow` from (((`klient` join `konto` on((`klient`.`konto_id` = `konto`.`konto_id`))) join `zamowienie` `za1` on((`klient`.`konto_id` = `za1`.`konto_id`))) join `zamowienie_wariant` `z_w` on((`za1`.`zamowienie_id` = `z_w`.`zamowienie_id`))) where ((`za1`.`status` = 'zrealizowane') and exists(select 1 from `zamowienie_egzemplarz` `z_e` where ((`z_e`.`zamowienie_id` = `za1`.`zamowienie_id`) and (`z_e`.`zwrot_id` is not null))) is false) group by `klient`.`klient_id`,`klient`.`imie`,`klient`.`nazwisko`,`klient`.`email`), `srednia` as (select avg(`wydatki`.`suma_wydatkow`) AS `avg_wydatkow` from `wydatki`) select `wydatki`.`klient_id` AS `klient_id`,`wydatki`.`imie` AS `imie`,`wydatki`.`nazwisko` AS `nazwisko`,`wydatki`.`email` AS `email`,round(`wydatki`.`suma_wydatkow`,2) AS `suma_wydatkow` from `wydatki` where (`wydatki`.`suma_wydatkow` > (select `srednia`.`avg_wydatkow` from `srednia`)) order by `wydatki`.`suma_wydatkow` desc */;
/*!50001 SET character_set_client      = @saved_cs_client */;
/*!50001 SET character_set_results     = @saved_cs_results */;
/*!50001 SET collation_connection      = @saved_col_connection */;

--
-- Final view structure for view `v_kliencie_online_7_dni_i_produkt_w_koszyku`
--

/*!50001 DROP VIEW IF EXISTS `v_kliencie_online_7_dni_i_produkt_w_koszyku`*/;
/*!50001 SET @saved_cs_client          = @@character_set_client */;
/*!50001 SET @saved_cs_results         = @@character_set_results */;
/*!50001 SET @saved_col_connection     = @@collation_connection */;
/*!50001 SET character_set_client      = utf8mb4 */;
/*!50001 SET character_set_results     = utf8mb4 */;
/*!50001 SET collation_connection      = utf8mb4_0900_ai_ci */;
/*!50001 CREATE ALGORITHM=UNDEFINED */
/*!50013 DEFINER=`admin`@`localhost` SQL SECURITY DEFINER */
/*!50001 VIEW `v_kliencie_online_7_dni_i_produkt_w_koszyku` AS select distinct `kon`.`konto_id` AS `konto_id`,`kon`.`login` AS `login`,`kl`.`imie` AS `imie`,`kl`.`nazwisko` AS `nazwisko`,`kl`.`email` AS `email`,`kl`.`numer_telefonu` AS `numer_telefonu`,`kos`.`koszyk_id` AS `koszyk_id`,`kon`.`ostatnie_logowanie` AS `ostatnie_logowanie` from (((`konto` `kon` join `klient` `kl` on((`kl`.`konto_id` = `kon`.`konto_id`))) join `koszyk` `kos` on((`kos`.`konto_id` = `kon`.`konto_id`))) left join `wariant_koszyk` `wk` on((`wk`.`koszyk_id` = `kos`.`koszyk_id`))) where (`kon`.`ostatnie_logowanie` >= (now() - interval 7 day)) order by `kon`.`ostatnie_logowanie` desc */;
/*!50001 SET character_set_client      = @saved_cs_client */;
/*!50001 SET character_set_results     = @saved_cs_results */;
/*!50001 SET collation_connection      = @saved_col_connection */;

--
-- Final view structure for view `v_produkt_wariant_o_cenie_wiekszej_od_sredniej_ceny_calosci`
--

/*!50001 DROP VIEW IF EXISTS `v_produkt_wariant_o_cenie_wiekszej_od_sredniej_ceny_calosci`*/;
/*!50001 SET @saved_cs_client          = @@character_set_client */;
/*!50001 SET @saved_cs_results         = @@character_set_results */;
/*!50001 SET @saved_col_connection     = @@collation_connection */;
/*!50001 SET character_set_client      = utf8mb4 */;
/*!50001 SET character_set_results     = utf8mb4 */;
/*!50001 SET collation_connection      = utf8mb4_0900_ai_ci */;
/*!50001 CREATE ALGORITHM=UNDEFINED */
/*!50013 DEFINER=`root`@`localhost` SQL SECURITY DEFINER */
/*!50001 VIEW `v_produkt_wariant_o_cenie_wiekszej_od_sredniej_ceny_calosci` AS select `pr`.`produkt_id` AS `produkt_id`,`pr`.`nazwa` AS `nazwa`,`pr`.`material` AS `material`,`pr`.`plec` AS `plec`,`wa`.`wariant_id` AS `wariant_id`,`wa`.`kolor` AS `kolor`,`wa`.`cena` AS `cena`,`wa`.`opis` AS `opis`,`wa`.`rozmiar` AS `rozmiar` from (`produkt` `pr` left join `wariant` `wa` on((`pr`.`produkt_id` = `wa`.`produkt_id`))) where (`wa`.`cena` > (select avg(`wa2`.`cena`) from (`produkt` `pr2` left join `wariant` `wa2` on((`pr2`.`produkt_id` = `wa2`.`produkt_id`))))) */;
/*!50001 SET character_set_client      = @saved_cs_client */;
/*!50001 SET character_set_results     = @saved_cs_results */;
/*!50001 SET collation_connection      = @saved_col_connection */;

--
-- Final view structure for view `v_produkty_ilosc`
--

/*!50001 DROP VIEW IF EXISTS `v_produkty_ilosc`*/;
/*!50001 SET @saved_cs_client          = @@character_set_client */;
/*!50001 SET @saved_cs_results         = @@character_set_results */;
/*!50001 SET @saved_col_connection     = @@collation_connection */;
/*!50001 SET character_set_client      = utf8mb4 */;
/*!50001 SET character_set_results     = utf8mb4 */;
/*!50001 SET collation_connection      = utf8mb4_0900_ai_ci */;
/*!50001 CREATE ALGORITHM=UNDEFINED */
/*!50013 DEFINER=`root`@`localhost` SQL SECURITY DEFINER */
/*!50001 VIEW `v_produkty_ilosc` AS select `pr`.`produkt_id` AS `produkt_id`,`pr`.`nazwa` AS `nazwa`,`pr`.`plec` AS `plec`,count(0) AS `ilość_na_stanie` from ((`produkt` `pr` left join `wariant` `wa` on((`pr`.`produkt_id` = `wa`.`produkt_id`))) left join `egzemplarz` `eg` on((`wa`.`wariant_id` = `eg`.`wariant_id`))) where (`eg`.`status` = 'na_stanie') group by `pr`.`produkt_id` */;
/*!50001 SET character_set_client      = @saved_cs_client */;
/*!50001 SET character_set_results     = @saved_cs_results */;
/*!50001 SET collation_connection      = @saved_col_connection */;

--
-- Final view structure for view `v_top_10_produkt_wariant_tego_miesiaca`
--

/*!50001 DROP VIEW IF EXISTS `v_top_10_produkt_wariant_tego_miesiaca`*/;
/*!50001 SET @saved_cs_client          = @@character_set_client */;
/*!50001 SET @saved_cs_results         = @@character_set_results */;
/*!50001 SET @saved_col_connection     = @@collation_connection */;
/*!50001 SET character_set_client      = utf8mb4 */;
/*!50001 SET character_set_results     = utf8mb4 */;
/*!50001 SET collation_connection      = utf8mb4_0900_ai_ci */;
/*!50001 CREATE ALGORITHM=UNDEFINED */
/*!50013 DEFINER=`root`@`localhost` SQL SECURITY DEFINER */
/*!50001 VIEW `v_top_10_produkt_wariant_tego_miesiaca` AS select `pr`.`produkt_id` AS `produkt_id`,`pr`.`nazwa` AS `nazwa`,`wa`.`kolor` AS `kolor`,`wa`.`rozmiar` AS `rozmiar`,count(0) AS `sprzedane_sztuki` from ((((`produkt` `pr` join `wariant` `wa` on((`pr`.`produkt_id` = `wa`.`produkt_id`))) join `egzemplarz` `eg` on((`wa`.`wariant_id` = `eg`.`wariant_id`))) join `zamowienie_egzemplarz` `z_e` on((`eg`.`egzemplarz_id` = `z_e`.`egzemplarz_id`))) join `zamowienie` `za` on((`z_e`.`zamowienie_id` = `za`.`zamowienie_id`))) where ((`za`.`status` <> 'anulowane') and (`za`.`data_zlozenia` >= (now() - interval 1 month))) group by `pr`.`produkt_id`,`pr`.`nazwa`,`wa`.`kolor`,`wa`.`rozmiar` order by `sprzedane_sztuki` desc limit 10 */;
/*!50001 SET character_set_client      = @saved_cs_client */;
/*!50001 SET character_set_results     = @saved_cs_results */;
/*!50001 SET collation_connection      = @saved_col_connection */;

--
-- Final view structure for view `v_top_klienci_2m`
--

/*!50001 DROP VIEW IF EXISTS `v_top_klienci_2m`*/;
/*!50001 SET @saved_cs_client          = @@character_set_client */;
/*!50001 SET @saved_cs_results         = @@character_set_results */;
/*!50001 SET @saved_col_connection     = @@collation_connection */;
/*!50001 SET character_set_client      = utf8mb4 */;
/*!50001 SET character_set_results     = utf8mb4 */;
/*!50001 SET collation_connection      = utf8mb4_0900_ai_ci */;
/*!50001 CREATE ALGORITHM=UNDEFINED */
/*!50013 DEFINER=`root`@`localhost` SQL SECURITY DEFINER */
/*!50001 VIEW `v_top_klienci_2m` AS select `ko`.`konto_id` AS `konto_id`,`ko`.`login` AS `login`,`kl`.`imie` AS `imie`,`kl`.`nazwisko` AS `nazwisko`,`kl`.`email` AS `email`,`kl`.`numer_telefonu` AS `numer_telefonu`,`ad`.`wojewodztwo` AS `wojewodztwo`,`ad`.`adres_ulicy` AS `adres_ulicy`,`ad`.`kod_pocztowy` AS `kod_pocztowy`,count(0) AS `liczba_kupionych` from ((((`klient` `kl` left join `konto` `ko` on((`kl`.`konto_id` = `ko`.`konto_id`))) left join `adres` `ad` on((`ko`.`adres_id` = `ad`.`adres_id`))) left join `zamowienie` `za` on((`kl`.`konto_id` = `za`.`konto_id`))) left join `zamowienie_egzemplarz` `z_e` on((`za`.`zamowienie_id` = `z_e`.`zamowienie_id`))) where ((`za`.`status` <> 'anulowane') and (`z_e`.`zwrot_id` is null) and (`za`.`data_zlozenia` > (now() - interval 2 month))) group by `ko`.`konto_id`,`ko`.`login`,`kl`.`imie`,`kl`.`nazwisko`,`kl`.`email`,`kl`.`numer_telefonu`,`ad`.`wojewodztwo`,`ad`.`adres_ulicy`,`ad`.`kod_pocztowy` order by `liczba_kupionych` desc */;
/*!50001 SET character_set_client      = @saved_cs_client */;
/*!50001 SET character_set_results     = @saved_cs_results */;
/*!50001 SET collation_connection      = @saved_col_connection */;

--
-- Final view structure for view `v_zwroty_do_rozpatrzenia`
--

/*!50001 DROP VIEW IF EXISTS `v_zwroty_do_rozpatrzenia`*/;
/*!50001 SET @saved_cs_client          = @@character_set_client */;
/*!50001 SET @saved_cs_results         = @@character_set_results */;
/*!50001 SET @saved_col_connection     = @@collation_connection */;
/*!50001 SET character_set_client      = utf8mb4 */;
/*!50001 SET character_set_results     = utf8mb4 */;
/*!50001 SET collation_connection      = utf8mb4_0900_ai_ci */;
/*!50001 CREATE ALGORITHM=UNDEFINED */
/*!50013 DEFINER=`root`@`localhost` SQL SECURITY DEFINER */
/*!50001 VIEW `v_zwroty_do_rozpatrzenia` AS select `zw`.`zwrot_id` AS `zwrot_id`,`zw`.`status_zwrotu` AS `status_zwrotu`,`zw`.`powod_zwrotu` AS `powod_zwrotu`,`wa`.`kolor` AS `kolor`,`wa`.`rozmiar` AS `rozmiar`,`pr`.`nazwa` AS `nazwa`,`pr`.`plec` AS `plec`,`eg`.`egzemplarz_id` AS `egzemplarz_id` from ((((`zwrot` `zw` left join `zamowienie_egzemplarz` `z_e` on((`zw`.`zwrot_id` = `z_e`.`zwrot_id`))) left join `egzemplarz` `eg` on((`z_e`.`egzemplarz_id` = `eg`.`egzemplarz_id`))) left join `wariant` `wa` on((`eg`.`wariant_id` = `wa`.`wariant_id`))) left join `produkt` `pr` on((`wa`.`produkt_id` = `pr`.`produkt_id`))) where (`zw`.`status_zwrotu` = 'odebrany') */;
/*!50001 SET character_set_client      = @saved_cs_client */;
/*!50001 SET character_set_results     = @saved_cs_results */;
/*!50001 SET collation_connection      = @saved_col_connection */;
/*!40103 SET TIME_ZONE=@OLD_TIME_ZONE */;

/*!40101 SET SQL_MODE=@OLD_SQL_MODE */;
/*!40014 SET FOREIGN_KEY_CHECKS=@OLD_FOREIGN_KEY_CHECKS */;
/*!40014 SET UNIQUE_CHECKS=@OLD_UNIQUE_CHECKS */;
/*!40101 SET CHARACTER_SET_CLIENT=@OLD_CHARACTER_SET_CLIENT */;
/*!40101 SET CHARACTER_SET_RESULTS=@OLD_CHARACTER_SET_RESULTS */;
/*!40101 SET COLLATION_CONNECTION=@OLD_COLLATION_CONNECTION */;
/*!40111 SET SQL_NOTES=@OLD_SQL_NOTES */;

-- Dump completed on 2026-03-04 20:15:25
